Product Name,Current Price,Original Price,Rating,Number of Reviews,Top Rated,Best Seller,Clearance,New,Color
Columbia Men's Telluron Omniheat II Waterproof Winter Boots,$159.99,,4.5,,False,False,False,False,
Columbia Women's Minx Shorty IV Winter Boots,$139.99,,0.0,,False,False,False,False,
Columbia Women's Minx Slip V Winter Boots,$149.99,,0.0,,False,False,False,False,
Helly Hansen Men's Richmond Boots,$65.97,$88.97,4.5,34,True,False,True,False,HONEY WHEAT -- 726
Helly Hansen Kids' Varanger 2.0 Winter Waterproof Insulated Non-Slip Boots,$44.97,$62.97,3.0,1,False,False,True,False,COBALT
SOREL Women's   Explorer II Joan Boots,$67.97,$90.97,5.0,1,False,False,True,False,BROWN
SOREL Women's Explorer Next Joan Boots,$67.97,$91.97,4.0,61,True,False,True,False,BLACK
"Sorel Women's Emilie III Zip Boots, Waterproof",$88.97,$118.97,4.0,42,True,False,True,False,BLACK
UGG Women's Classic Ultra Mini Boots,$185.00,,4.6,321,True,False,False,False,BLACK
UGG Women's Classic Ultra Mini Boots,$185.00,,4.6,321,True,False,False,False,CHESTNUT
Helly Hansen Men's Forest Evo Boots,$100.97,$126.97,0.0,0,False,False,True,False,BROWN
Ripzone Kids' Grade/Pre-School SubZero Shell Boots,$74.99,,0.0,0,False,True,False,False,BLACK
Columbia Men's Bugaboot III Insulated Waterproof Winter Boots,$179.99,,4.2,,False,False,False,False,
Woods Women's Pinehurst Chelsea II Boots,$119.99,,1.0,2,False,False,False,False,BEIGE
Ripzone Kids' Grade/Pre-School SubZero Shell Boots,$74.99,,0.0,0,False,False,False,False,BLUE
Ripzone Kids' Grade/Pre-School SubZero Shell Boots,$74.99,,0.0,0,False,True,False,False,BLACK
Ripzone Kids' Grade/Pre-School Powder Day Transitional Boots,$64.99,,0.0,0,False,False,False,False,GREEN
Keen Women's Betty Boot Pull-On Waterproof Insulated Winter Boots,$200.00,,4.7,12,True,False,False,False,BURGUNDY/BLACK
UGG Men's Emmett Mid Waterproof Duck Boots,$134.97,$180.00,4.7,130,True,False,True,False,BROWN
UGG Women's Ultra Mini Platform Boots,$195.00,,4.4,542,True,False,False,False,SAND
Vans Men's SK8-Hi Met-2 Boots,$110.97,$137.97,5.0,1,False,False,True,False,BLACK
UGG Women's Classic ll Short Boots,$210.00,,4.8,1440,True,False,False,False,NO COLOR
Ripzone Kids' Grade/Pre-School SubZero Shell Boots,$74.99,,0.0,0,False,False,False,False,PURPLE
"Roxy Women's Maddie J Chelsea Boots, Ankle, Slip On, Casual, Faux Leather",$99.99,,4.4,328,True,False,False,False,BLACK
Ripzone Kids' Grade/Pre-School Icelynn 2.0 Insulated Shell Boots,$79.99,,0.0,0,False,False,False,False,BLUE
UGG Kids' Classic Ultra Mini Boots,$140.00,,4.5,55,True,False,False,False,CHESTNUT
DC Men's Mason 2 Lightweight Comfortable Winter Sneaker Boots,$104.99,,4.0,1,False,False,False,False,BLACK/BLACK
Timberland Women's Greyfield Leather 6 Inch Boots,$56.97,$76.97,4.9,10,True,False,True,False,WHEAT NUBUCK
Ripzone Kids' Toddler Winterland Insulated Shell Boots,$59.99,,0.0,0,False,False,False,False,PINK
"Timberland Kids' Pre-School/Grade School 6 Inch Premium Boots, Boys, Leather, Waterproof",$135.00,,4.7,423,True,False,False,False,BLACK
"Timberland Kids' Pre-School/Grade School 6 Inch Premium Boots, Boys, Leather, Waterproof",$135.00,,4.7,423,True,False,False,False,WHEAT
Merrell Women's Crosslander 2 WaterproofHiking Boots,$174.99,,4.6,102,True,False,False,False,GRAY
Columbia Women's Newton Ridge Omni-Shield Suede Boots,$82.97,$139.99,4.4,16,True,False,True,False,BROWN
Converse Men's Chuck 70 Hi GORE-TEX Boots,$95.97,$119.97,0.0,0,False,False,True,False,BLACL/BLACK
Teva Women's Midform Boots,$200.00,,4.7,62,True,False,False,False,BLACK
Teva Women's Midform Boots,$200.00,,4.7,62,True,False,False,False,DARK OLIVE
Teva Women's Midform Boots,$200.00,,4.7,62,True,False,False,False,WHITE SWAN
Converse Men's Chuck Taylor All Star Malden Street Boots,$65.97,$81.97,5.0,3,False,True,True,False,BLACK/BLACK/BLACK
Ripzone Women's Luna Boots,$74.97,$99.99,4.9,7,False,False,True,False,BROWN
Ripzone Kid's Toddler Winterland Insulated Shell Boots,$59.99,,0.0,0,False,False,False,False,BLACK
Merrell Women's Coldpack 3 Waterproof Arctic Grip Boots,$239.99,,4.2,6,False,False,False,False,BLACK
The North Face Men's VECTIV Fastpack Mid FUTURELIGHT™ Boots,$219.99,,4.5,253,True,False,False,False,GREEN
Roxy Women's Bruna Boots,$129.99,,3.5,11,False,False,False,False,CHOCOLATE
Ripzone Women's Kensington Slip-On Boots,$109.99,,0.0,0,False,False,False,False,LT BROWN
Merrell Men's Coldpack 3 Waterproof Arctic Grip Wide Boots,$259.99,,4.6,7,False,False,False,False,BLACK
HH KELVIN LX BOOT - NEW WHEAT (823) M,$89.97,$112.97,5.0,1,False,False,True,False,BROWN
HH KELVIN LX BOOT - NEW WHEAT (823) M,$89.97,$112.97,5.0,1,False,False,True,False,DK BROWN
Kamik Kids' Pre-School Stomp Rubber Rain Boots,$33.74,,4.8,13,True,False,False,False,CHARCOAL/BLUE
"Hunter Kids' Pre-School/Grade School Original Gloss Rubber Rain Boots, Girls', Waterproof",$36.88,$56.97,4.4,16,True,False,True,False,NO COLOR
KEEN Men's Targhee III Waterproof Leather Hiking Boots,$219.99,,4.1,280,True,False,False,False,BLACK OLIVE/BROWN - WIDE WIDTH
Woods Men's Brohm Slip On Waterproof Rain Boots,$89.99,,4.4,18,True,False,False,False,CHARCOAL
Helly Hansen Men's Switchback HT Hiking Boots,$95.88,$126.97,4.5,89,True,False,True,False,BLACK -- 990
"Ripzone Kids' Pre-School/Grade School Van Rubber Rain Boots, Boys'/Girls', Waterproof",$24.74,,4.4,73,True,False,False,False,DANDELION
Helly Hansen Men's Stalheim HT Hiking Boots,$117.97,$169.99,5.0,1,False,False,True,False,BLACK
Keen Women's Circadia Waterproof Insulated Lightweight Hiking Boots,$132.97,$189.99,4.5,11,True,False,True,False,BLACK/CLOUD BLUE
BOGS Women's Sweetpea Rain Boots,$79.97,$114.99,4.4,423,True,False,True,False,BLACK
"Kamik Kids' Pre-School Raindrops Rain Boots, Waterproof, Latex Free",$44.97,$59.99,0.0,0,False,False,True,False,TURQUOISE
UGG Women's Droplet Rain Boots,$115.00,,3.9,390,False,False,False,False,BLACK
UGG Women's Droplet Rain Boots,$115.00,,3.9,390,False,False,False,False,TAUPE
UGG Women's Droplet Rain Boots,$115.00,,3.9,390,False,False,False,False,WHITE
Merrell Men's Moab 2 Hiking Boots,$141.97,$189.99,4.2,846,True,False,True,False,GRAY/GRAY/BLACK
UGG Men's Neumel Weather Hybrid Boots,$106.97,$134.97,4.5,28,True,False,True,False,BLACK
Ripzone Women's Maya Anthracite Rain Boots,$44.99,,3.7,3,False,True,False,False,BLACK
Ripzone Kids' Grade/Pre-School Van Shark Rain Boots,$23.97,$32.99,5.0,5,False,False,True,False,BLK/ALL ABOARD BLUE
Ripzone Girls' Grade/Pre-School Talia Rain Boots,$23.97,$32.99,5.0,3,False,False,True,False,BLK/BONBON
Ripzone Kids' Grade/Pre-School Van Rain Boots,$23.97,$32.99,5.0,3,False,False,True,False,BLK/CHERRY TOMATO
Columbia Women's Newton Ridge Waterproof Lightweight Non-Slip Hiking Boots,$118.97,$169.99,4.8,26,True,False,True,False,BLACK
Scarpa Unisex Kinesis Pro GORE-TEX Hiking Boots,$469.00,,5.0,4,False,False,False,False,NO COLOR
Bogs Kids' Pre-School Rubber Rain Boots,$70.00,,4.5,112,True,False,False,False,NO COLOR
Muck Unisex Forager Tall Rubber Boot,$9.88,$19.88,4.3,11,True,False,True,False,LT BROWN
Keen Women's Pyrenees Hiking Boots,$229.99,,4.4,371,True,False,False,False,BROWN
Keen Women's Pyrenees Hiking Boots,$229.99,,4.4,371,True,False,False,False,LT BROWN
Helly Hansen Women's Adel Rain Boots,$89.99,,0.0,0,False,True,False,False,GREEN
The North Face Men's Larimer Mid Top Waterproof Boots,$189.99,,4.3,507,True,False,False,False,TNF BLACK -- MY3
"Kamik Women's Chloe Rubber Rain Boots, Short, Waterproof",$24.88,$41.88,4.2,11,True,False,True,False,BLACK
Teva Men's Grandview GORE-TEX Hiking Boots,$260.00,,4.4,62,True,False,False,False,NAVY/ CHARCOAL
Merrell Women's Moab 3 Waterproof Hiking Boots,$189.99,,4.5,272,True,False,False,False,GRANITE
Ripzone Girls' Grade/Pre-School Talia Floral Rain Boots,$23.97,$32.99,4.3,4,False,False,True,False,ORCHID PINK
Bogs Girls' Rainbow Flower Rain boots,$70.00,,4.8,58,True,False,False,False,RAINBOW FLOWER BLK MULTI
Merrell Women's Erie Waterproof Hiking Boots,$159.99,,4.5,294,True,False,False,False,CHARCOAL
Timberland Men's Lincoln Peak Hiking Boots,$52.88,$70.97,4.3,142,True,False,True,False,WHEAT
Salomon Women's Ultra Pioneer Waterproof Lightweight Hiking Boots,$98.88,$123.97,4.2,48,True,False,True,False,BLUE
Hunter Men's Chelsea Insulated Boots,$94.88,$113.97,0.0,0,True,False,True,False,BLACK
On Women's Cloudrock 2 Waterproof Hiking Boots,,,0.0,0,False,False,False,False,FEATHER
On Women's Cloudrock 2 Waterproof Hiking Boots,,,0.0,0,False,False,False,False,GLACIER/ECLIPSE
Kamik Women's Miranda Rain Boots,$74.99,,0.0,0,False,False,False,False,BURGANDY
UGG Women's Classic Mini Platform Boot,$200.00,,4.5,273,True,False,False,False,CHESTNUT
Helly Hansen Women's Stalheim Waterproof Breathable Hiking Boots,$169.99,,2.0,1,False,False,False,False,BLACK
Kamik Women's Ariel F Boots,$169.99,,0.0,0,False,False,False,False,BLACK
Kamik Women's Ariel F Boots,$169.99,,0.0,0,False,False,False,False,COGNAC
Kamik Women's Ariel F Boots,$169.99,,0.0,0,False,False,False,False,DARK BROWN
Kamik Women's Ariel F Boots,$169.99,,0.0,0,False,False,False,False,TAUPE
Helly Hansen Men's Tsuga Ankle Boots,$88.88,$111.97,4.4,79,True,False,True,False,WHEAT
Merrell Men's Moab Speed 2 Mid GORE-TEX Hiking Boots,$229.99,,4.5,41,True,False,False,False,BLACK
Merrell Men's Moab Speed 2 Mid GORE-TEX Hiking Boots,$229.99,,4.5,41,True,False,False,False,RYE
KEEN Women's Koven Hiking Boots,$179.99,,4.5,105,True,False,False,False,GRAY
Sorel Kids' Yoot Pac Nylon Hiking Waterproof Insulated Sherpa Boots,$110.00,,4.8,32,True,False,False,False,HIKER GREEN
Keen Men's Pyrenees Hiking Boots,$229.99,,4.2,335,True,False,False,False,BROWN
Keen Men's Pyrenees Hiking Boots,$229.99,,4.2,335,True,False,False,False,KEEN MAPLE/ MARMALADE
Keen Men's Pyrenees Hiking Boots,$229.99,,4.2,335,True,False,False,False,NAVY BLUE
Sperry Women's Saltwater Quilt Nylon Boots,$159.99,,4.5,534,True,False,False,False,BLACK
Kamik Kids' Snow Mate Waterproof Insulated LightweightWinter Boots,$89.99,,0.0,0,False,False,False,False,BLACK
"Kamik Women's Heidi 2 Rain Boots, Waterproof, Vegan-friendly",$34.97,$43.97,4.0,1,False,False,True,False,BLACK
Timberland Men's GreenStride Motion 6 Boots,$180.00,,5.0,5,False,False,False,False,RUST NUBUCK
Ripzone Toddler Kids' Neil Rain Boots,$9.88,$10.97,4.4,26,True,False,True,False,ANTHRACITE
Ripzone Toddler Kids' Neil Rain Boots,$9.88,$10.97,4.4,26,True,False,True,False,DANDELION
Scarpa Men's Maverick Mid Gore-Tex Hiking Boots,$143.97,$185.97,0.0,0,False,True,True,False,BLACK
The North Face Men’s VECTIV™️ Fastpack Mid FUTURELIGHT™ Waterproof Mesh Hiking Boots,$110.88,$138.97,4.5,255,True,False,True,False,DEMITASSE BROWN
Vasque Men's Elias FG GTX Hiking Boots,$166.97,$193.97,4.3,46,True,False,True,False,COGNAC
Rockport Men's Weather or Not Boots,$200.00,,0.0,0,False,False,False,False,BLACK
Rockport Men's Weather or Not Boots,$200.00,,0.0,0,False,False,False,False,POST
Timberland Men's Davis Square Chukka Boots,$99.99,,4.5,239,True,False,False,False,BLACK
Timberland Men's Davis Square Chukka Boots,$99.99,,4.5,239,True,False,False,False,RUST NUBUCK
Keen Men's Pyrenees Hiking Boots,$229.99,,4.0,7,False,False,False,False,BLACK/LEGION BLUE
Columbia Men's Newton Ridge Plus II Waterproof Leather Hiking Boots,$118.97,$159.99,4.6,519,True,False,True,False,DK BROWN
Salomon Women's Quest Element Gore-Tex Leather Hiking Boots,$128.97,$161.97,0.0,0,False,False,True,False,SAND
Nike Men's Manoa Boots,$124.99,,4.6,303,True,False,False,False,WHEAT
UGG Women's Classic Ultra Mini Platform Boot,$195.00,,4.4,613,True,False,False,False,BLACK
Merrell Men's Yokota Hiking Boots,$64.88,$81.97,4.4,142,True,False,True,False,CHARCOAL
Sorel Men's Metro II Waterproof Sneak Boots,$159.99,,4.6,12,False,False,False,True,VELVET TAN
Merrell Men's MQM 3 Mid Gore-Tex Hiking Boots,$219.99,,4.1,57,True,False,False,False,BLACK/EXUBERANCE
Merrell X Jeep Women's Moab 3 Suede Waterproof Hiking Boots,$141.97,$219.99,4.6,50,True,False,True,False,BLUE
Helly Hansen Men's Switchback Boot 2 HT Hiking Shoes,$179.99,,0.0,0,False,False,False,False,BLACK
UGG Men's Neumel Suede Boots,$130.97,$175.00,4.9,2989,True,False,True,False,BLACK
Rockport Men's Garett Boots,$175.00,,0.0,0,False,False,False,False,COGNAC
Bogs Toddler Kids' Skipper II Super Dino Rain Boots,$32.97,$55.00,4.4,7,False,False,True,False,NAVY MULTI
Merrell Women's Crosslander 3 Mid Waterproof Hiking Shoes,$174.99,,5.0,1,False,False,False,False,BRACKEN/FALCON
Kamik Kids' Pre-School Riptide Rainboots,$21.97,$27.97,0.0,0,False,False,True,False,LILAC
Under Armour Men's Charged Bandit Trek 2 Lightweight Mesh Hiking Shoes,$88.97,$139.99,4.5,166,True,False,True,False,BLACK/ PITCH GREY
Salomon Men's Ultra 4 GORE-TEX Waterproof Textile Hiking Shoes,$209.99,,4.1,520,True,False,False,False,BLACK
Bogs Toddler Girls' Skipper II Strawberries Moss Rain Boots,$32.97,$55.00,4.4,7,False,False,True,False,STRAWBERRIES MOSS MULTI
The North Face Men’s Hedgehog 3 Mid Waterproof Boot,$199.99,,4.7,42,True,False,False,False,BROWN
Sperry Women's Torrent Winter Lace Up Waterproof Boot,$219.99,,4.6,28,True,False,False,False,BLACK
Sperry Women's Torrent Winter Lace Up Waterproof Boot,$219.99,,4.6,28,True,False,False,False,TAN
Columbia Men's Fairbanks Mid Waterproof Textile Hiking Shoes,$149.99,,4.2,172,True,False,False,False,BLACK
Ripzone Women's Maya Rain Boots,$44.99,,2.7,40,False,False,False,False,BLACK
"Salomon Women's Ultra 4 Hiking Shoes, All Terrain, Non-Slip",$87.88,$110.97,3.8,60,False,False,True,False,BLACK
Merrell Women's Siren Edge 3 Hiking Boots,$149.99,,4.5,501,True,False,False,False,GRANITE/CORAL
Merrell Women's Moab 3 Hiking Boots,$169.99,,4.6,217,True,False,False,False,ALUMINUM
Merrell Women's MQM 3 Hiking Boots,$159.99,,4.5,38,True,False,False,False,CHARCOAL/TEAL
Merrell Women's Bravada 2 Hiking Boots,$154.99,,4.4,162,True,False,False,False,BLACK
KEEN Women's Targhee III Hiking Boots,$199.99,,4.1,366,True,False,False,False,BROWN
KEEN Women's Targhee III Hiking Boots,$199.99,,4.1,366,True,False,False,False,WEISS/BOYSENBERRY
Merrell Women's Moab Speed Hiking Boots,$199.99,,4.4,165,True,False,False,False,LT GREEN
On Men's Cloudrock 2 Waterproof Mid Hiking Boots,$279.99,,0.0,0,False,False,False,False,BLACK
Merrell Women's Siren Edge 3 Hiking Boots,$169.99,,4.2,224,True,False,False,False,BLACK/VIOLET
Scarpa Women 's Rush Mid Gore-Tex Lightweight Waterproof Hiking Shoes,$122.97,$154.97,5.0,1,False,False,True,False,BLACK
Scarpa Women's Kailash Plus Hiking Boots,$399.00,,4.0,6,False,False,False,False,DARK BROWN
KEEN Women's Revel III Hiking Boots,$219.99,,4.5,202,True,False,False,False,BLACK
KEEN Women's Revel III Hiking Boots,$219.99,,4.5,202,True,False,False,False,BLACK/ROSE
Merrell Women's Cham 8 Thermo Tall Hiking Winter Boots,$229.99,,4.5,106,True,False,False,False,BLACK
Merrell Men's Moab 3 Mid Leather Wide Hiking Boots,$189.99,,4.6,216,True,False,False,False,BELUGA
Merrell Men's Moab 3 Mid Leather Wide Hiking Boots,$189.99,,4.6,216,True,False,False,False,EARTH
Merrell Men's Moab 3 Leather Wide Hiking Boots,$149.99,,4.5,282,True,False,False,False,WALNUT
Merrell Men's Moab Hiking Boots,$189.99,,4.3,324,True,False,False,False,BELUGA
Merrell Men's Moab 3 Mid Waterproof Leather Hiking Boots,$189.99,,4.3,308,True,False,False,False,EARTH
Merrell Men's Moab 3 Mid Waterproof Leather Hiking Boots,$189.99,,4.3,308,True,False,False,False,OLIVE
Merrell Men's Moab Waterproof Leather Hiking Boots,$239.99,,3.3,3,False,False,False,False,BROWN
La Sportiva Women's TX Hike Mid GORE-TEX Waterproof Hiking Boots,$239.99,,0.0,0,False,False,False,False,CHARCOAL
Merrell Men's Crosslander 2 Hiking Boots,$174.99,,4.3,86,True,False,False,False,BLACK
Merrell Women's Siren Traveller 3 Waterproof Hiking Boots,$199.99,,4.4,165,True,False,False,False,BROWN
Merrell Men's Moab 3 Leather Wide Hiking Boots,$149.99,,4.4,242,True,False,False,False,GRANITE V2
Keen Women's Nxis Evo Mid Waterproof Lightweight Hiking Boots,$98.88,$124.97,3.0,1,False,False,True,False,FAWN/PEACH WHIP
The North Face Men’s Hedgehog 3 Mid Waterproof Boot,$179.99,,4.0,39,True,False,False,False,DK GREEN
Helly Hansen Men's Traverse HELLY TECH® Hiking Boots,$239.99,,0.0,0,False,True,False,False,RED
Scarpa Men's Kailash Plus GORE-TEX Hiking Boots,$399.00,,3.2,5,False,False,False,False,DARK BROWN
Helly Hansen Men's Stalheim Hellytech Hiking Boots,$169.99,,0.0,0,False,False,False,False,DARK BLUE
Columbia Women's Newton Ridge Plus Waterproof Hiking Shoes,$88.88,$119.97,4.6,691,True,False,True,False,BROWN
Columbia Women's Newton Ridge Plus Waterproof Hiking Shoes,$88.88,$119.97,4.6,691,True,False,True,False,GRAY
Merrell Men's Moab 3 Vent Hiking Boots,$169.99,,4.5,174,True,False,False,False,WALNUT
KEEN Men's Koven Waterproof Leather Hiking Boots,$179.99,,4.3,164,True,False,False,False,MAGNET/FIRED BRICK
Helly Hansen Men's Switchback Airflow Hiking Boots,$139.99,,0.0,0,False,False,False,False,BROWN
Keen Women's Targhee IV Waterproof Hiking Boots,$199.99,,4.4,29,True,False,False,False,BRINDLE/NOSTALGIA ROSE
Keen Women's Targhee IV Mid Waterproof Hiking Boots,$219.99,,4.8,55,True,False,False,False,ALLOY/GRANITE GREEN
Keen Women's Circadia Mid Waterproof Hiking Boots,$179.99,,4.0,23,True,False,False,False,STEEL GREY/CLOUD BLUE
Keen Women's Circadia Mid Waterproof Hiking Boots,$179.99,,4.0,23,True,False,False,False,TOASTED COCONUT/NORTH ATLANTIC
Scarpa Men's Mescalito TRK GORE-TEX Hiking Boots,$399.00,,5.0,1,False,False,False,False,BLACK
Timberland Men's Greenstride Motion 6 Mid Hiking Boots,$149.99,,4.8,5,False,False,False,False,LT BROWN
Woods Men's Firth Mid Hiking Shoes,$70.97,$94.97,3.0,2,False,False,True,False,BROWN
Merrell Men's Moab Adventure 3 Waterproof Hiking Boots,$122.88,$141.97,4.6,41,True,False,True,False,EARTH
Keen Canada Outdoor Boys' Youth Years Targhee Waterproof Mid Hiking Boots Brown,$52.97,$68.97,4.1,57,True,False,True,False,DARK EARTH/GOLDEN BROWN
Scarpa Women's Maverick Mid GORE-TEX Trail Boots,$248.99,,0.0,0,False,False,False,False,GRAY
"Timberland Kids' Grade School Mt. Maddsen Hiking Boots, Boys', Low Top, Non-Slip",$109.99,,4.5,72,True,False,False,False,NO COLOR
Salomon Women's X Ultra 360 Hiking Shoes,$189.99,,4.4,12,True,False,False,False,PURPLE
Scarpa Women's Mescalito Trek MID GORE-TEX Hiking Boots,$399.00,,0.0,0,False,False,False,False,DK GRAY
Helly Hansen Women's Cascade Mid Lightweight Waterproof Hiking Shoes,$84.88,$106.97,5.0,1,False,False,True,False,TERRAZZO
Helly Hansen Men's Switchback HT Waterproof Hiking Shoes,$82.88,$111.97,4.5,41,True,False,True,False,BLACK -- 990
adidas Men's Terrex Free Hiker Primeblue Hiking Boots,$280.00,,4.7,255,True,False,False,False,CBLACK/GRETHR/BLURUS
adidas Men's Terrex RAIN.DRY Hiking Shoes,$129.99,,4.7,89,True,False,False,False,BLACK/BLACK/GREY
Merrell Men's Crosslander 3 Mid Hiking Shoes,$174.99,,4.5,2,False,False,False,False,BLACK
Salomon Men's X Ultra Pioneer Mid CSWP Hiking Shoes,$189.99,,4.3,97,True,False,False,False,BLACK/MAGNET/MON
Merrell Women's MQM 3 Mid GORE-TEX Hiking Shoes,$219.99,,4.6,73,True,False,False,False,SEDONA/HERB
KEEN Women's Targhee III Mid Hiking Shoes,$219.99,,3.9,30,False,False,False,False,BROWN
Teva Women's Grandview GTX Hiking Boots,$260.00,,4.5,138,True,False,False,False,THYME
Hydroflask Medium Bottle Boot,$17.95,,4.5,349,True,True,False,False,
KEEN Men's Targhee IV Mid Hiking Shoes,$219.99,,4.4,115,True,False,False,False,BISON/BRINDLE
Merrell Women's Moab Speed 2 Mid GORE-TEX Hiking Boots,$229.99,,4.9,16,True,False,False,False,BLACK
Merrell Women's Moab Speed 2 Mid GORE-TEX Hiking Boots,$229.99,,4.9,16,True,False,False,False,PEACH
Merrell Women's Antora 3 Mid Waterproof Hiking Boots,$199.99,,4.6,54,True,False,False,False,SEA
Columbia Youth Newton Ridge Amped Lightweight Hiking Boots,$65.97,$81.97,4.2,6,False,False,True,False,ELK/MOUNTAIN RED
Salomon Men's X Ultra 360 Mid CSWP Waterproof All Terrain Hiking Shoes,$189.99,,4.4,19,True,False,False,False,MAGNET/BLACK
Salomon Men's X Ultra 360 Mid CSWP Waterproof All Terrain Hiking Shoes,$189.99,,4.4,19,True,False,False,False,PEWTER/BLACK
Woods Infant Boys' Blakiston Fleece Booties,$20.00,,0.0,0,False,False,False,False,DECO ROSE
DC Men's Woodland Leather Insulated Sherpa-Lined Winter Boots,$74.97,$92.97,4.0,5,False,True,True,False,BLACK
DC Men's Woodland Leather Insulated Sherpa-Lined Winter Boots,$74.97,$92.97,4.0,5,False,True,True,False,BROWN
"Atmosphere Outdoor Shoe Laces, 60 Inch, Hiking Shoes, Boots",$3.99,,0.0,0,False,True,False,False,21633
"Atmosphere Outdoor Shoe Laces, 60 Inch, Hiking Shoes, Boots",$3.99,,0.0,0,False,True,False,False,21634
"Atmosphere Outdoor Shoe Laces, 60 Inch, Hiking Shoes, Boots",$3.99,,0.0,0,False,True,False,False,21635
"Atmosphere Outdoor Shoe Laces, 60 Inch, Hiking Shoes, Boots",$3.99,,0.0,0,False,True,False,False,21636
Timberland Men's Davis Square Chukka Boots,$99.99,,4.6,230,True,False,False,False,LT BROWN
Merrell Men's Crosslander 3 Hiking Shoes,$129.99,,4.2,6,False,False,False,False,BOULDER/BRINDLE
SOREL Women's Winter Carnival Lace-Up Winter Boots,$118.97,$170.00,4.0,445,False,False,True,False,NO COLOR
Helly Hansen Men's Garibaldi Insulated Waterproof Winter Boots,$189.99,,0.0,0,False,False,False,False,DK BROWN
Ruffwear Polar Trex™ Weatherproof Boots for Dogs,$53.95,,0.0,0,False,False,False,False,BLACK
SOREL Women's Tivoli IV Tall Winter Boots,$164.97,$220.00,4.1,419,True,False,True,False,BLACK
The North Face Women's Thermoball Lace-Up  Waterproof Insulated Winter Boots,$179.99,,4.4,138,True,False,False,False,BLACK/WHITE
The North Face Women's Thermoball Lace-Up  Waterproof Insulated Winter Boots,$179.99,,4.4,138,True,False,False,False,LT BROWN
Woods Men's Hayward 8 Inch Insulated Waterproof IceFX Winter Boots,$189.99,,5.0,3,False,False,False,False,BLACK
Helly Hansen Women's Arctic Patrol Waterproof Primaloft Insulated Winter Boots,$118.97,$169.99,4.3,16,True,False,True,False,BLACK
Helly Hansen Women's Varanger Winter Boots,$179.99,,4.0,120,False,False,False,False,LT BROWN
Columbia Men's Bugaboot Celsius Winter Boots,$167.97,$239.99,4.3,40,True,False,True,False,BLACK
Merrell Women's Thermo 6 Winter Boots,$199.99,,4.2,676,True,False,False,False,BLACK
Columbia Men's Fairbanks Mid Waterproof Textile Hiking Shoes,$103.97,$149.99,3.9,63,False,False,True,False,GRAY
Merrell Men's Moab Adventure 3 Chelsea Polar Fleece-Lined Insulated Waterproof Winter Boots,$149.97,$214.99,4.0,6,False,False,True,False,BLACK
Bogs Kids' Neo Classic Waterproof Lightweight Non-Slip Winter Boots,$115.00,,4.8,186,True,False,False,False,BLACK
Helly Hansen Men's Gamvik Winter Boots,$109.98,$149.99,3.7,78,False,False,False,False,BLACK -- 990
Columbia Kids' Grade/Pre-School Powderbug Snowlite Winter Boots,$79.99,,0.0,0,False,False,False,False,BLACK
SOREL Men's 1964 PAC Nylon Insulated Waterproof Winter Boots,$126.97,$170.00,4.3,554,True,False,True,False,NO COLOR
The North Face Women’s ThermoBall Progressive Zip II Waterproof Insulated Lightweight Winter Boots,$174.99,,4.2,166,True,False,False,False,BLACK/WHITE
Sorel Kids' Flurry Winter Boots,$85.00,,4.5,192,True,False,False,False,BLACK/CITY GRAY
Merrell Women's Thermo Aurora 2 Waterproof  Winter Boots,$78.88,,4.1,86,True,False,True,False,SEAL BROWN
Columbia Kids' Youth Bugaboot Celsius Waterproof Insulated Winter Boots,$109.99,,4.2,24,True,False,False,False,GRAY
Columbia Men's Telluron Omniheat II Winter Boots,$159.99,,4.5,323,True,False,False,False,BLACK
Columbia Women's Minx Shorty III Suede Waterproof Insulated Winter Boots,$100.97,$144.99,4.5,637,True,False,True,False,BLACK/PEBBLE
Bogs Kids' Pre-School Neo Classic Waterproof Insulated Non-Slip Winter Boots,$115.00,,4.8,117,True,False,False,False,SPARKLE SPACE
KEDS Women's Cooper Zip Boots - Black,$49.88,$99.99,3.7,108,False,False,True,False,BLACK
Sorel Kids' Youth Flurry Print Waterproof Insulated Winter Boots,$90.00,,2.6,5,False,False,False,False,BLK/POLKA DOT
Columbia Boys' Bugaboot Celsius Fleece Winter Boots,$109.99,,4.7,134,True,False,False,False,BLACK
Columbia Men's Fairbanks Omni-Heat™ Insulated Waterproof Winter Boots,$125.97,$179.99,4.2,604,True,False,True,False,BLACK
Merrell Women's Moab 3 Mid Waterproof Wide Hiking Shoes,$189.99,,4.6,172,True,False,False,False,FALCON
Hunter Men's Original Chelsea Boots,$89.88,$107.97,0.0,0,False,False,True,False,NAVY
The North Face Men's Chilkat V Lace Winter Boots,$125.97,$179.99,4.0,110,True,False,True,False,BLACK
Kamik Kids' Waterbug 5 Winter Boots,$79.99,,4.6,248,True,False,False,False,NAVY
UGG Men's Classic Slip-On Boots,$124.99,,4.7,98,True,False,False,False,BROWN
Woods Women's Alces Waterproof Insulated Non Slip Winter Boots,$74.97,$149.99,4.3,19,True,False,True,False,ANTHRACITE
Woods Women's ALCES II  Waterproof Insulated Winter Boots,$149.99,,0.0,0,False,False,False,False,ANTHRACITE
Sorel Women's Whitney II Tall Waterproof Insulated Lace-Up Winter Boots,$134.97,$180.00,4.2,62,True,False,True,False,BLACK
Timberland Men's TBL 1973 Newman Waterproof Boots,$103.97,$160.00,5.0,1,False,False,True,False,WHEAT NUBUCK
The North Face Women's Shellista IV Hiking Boots,$146.97,$209.99,4.3,177,True,False,True,False,BROWN/BLACK
The North Face Women's Shellista IV Hiking Boots,$146.97,$209.99,4.3,177,True,False,True,False,GRAY
The North Face Women's Shellista IV Hiking Boots,$146.97,$209.99,4.3,177,True,False,True,False,TNF BLK/TNF BLK
The North Face Women's Shellista IV Hiking Boots,$146.97,$209.99,4.3,177,True,False,True,False,ZINCGR/TNFBLACK
Kamik Kids' Grade/Pre-School Snowangel 4 Waterproof Insulated Fleece-Lined Winter Boots,$79.99,,4.5,22,True,False,False,False,BLACK
Kamik Kids' Southpole 4 Waterproof Insulated Lightweight Winter Boots,$69.99,,0.0,0,False,False,False,False,BLACK
Ripzone Kids' Pre-School Whiteout Waterproof Insulated Fleece-Lined Winter Boots,$29.97,$74.99,4.0,3,False,False,True,False,MED PINK
Timberland Men's EK Chillberg Mid Top Winter Boots,$169.99,,4.4,240,True,False,False,False,NO COLOR
Woods Women's Palliser Chelsea Rubber Waterproof Short Rain Boots,$79.99,,3.9,7,False,True,False,False,ANTHRACITE
Level Six Men's River 2.0 Boots,$75.00,,4.5,2,False,False,False,False,BLACK
SOREL Women's Tivoli IV Winter Boots,$149.97,$200.00,4.2,522,True,False,True,False,BLACK
SOREL Women's Tivoli IV Winter Boots,$149.97,$200.00,4.2,522,True,False,True,False,CURRY
Timberland Men's Redwood Falls Chelsea Boots,$150.00,,4.6,77,True,False,False,False,RUST FULL GRAIN
Woods Men's Mcarthur II Non-Slip Insulated Waterproof Winter Boots,$89.97,$107.97,4.0,9,False,False,True,False,BLACK
Sorel Kids' Yoot Pac Winter Boots,$110.00,,4.8,89,True,False,False,False,BLACK
Woods Kids' Grade School BOBCAT Insulated Winter Boots,$99.99,,0.0,0,False,False,False,False,LT BROWN
Woods Men's Telford III Winter Boots,$159.99,,4.0,1,False,False,False,False,MED BROWN
Merrell X Jeep Men's MOAB 3 Mid Waterproof Leather Hiking Shoes,$130.97,$219.99,4.4,83,True,False,True,False,SARGE GREEN
The North Face Kids' Chilkat V Lace Waterproof Insulated Suede Winter Boots,$64.97,$90.97,5.0,4,False,False,True,False,ALMOND BUTTER/TNF BLACK
The North Face Kids' Alpenglow Extreme III Waterproof Insulated Lightweight Winter Boots,$129.99,,4.6,108,True,False,False,False,BLACK
The North Face Kids' Alpenglow Extreme III Waterproof Insulated Lightweight Winter Boots,$129.99,,4.6,108,True,False,False,False,BLACK/WHITE
Kamik Kids' Pre-School Southpole 4 Waterproof Non-Slip Winter Boots,$69.99,,0.0,0,False,False,False,False,PURPLE
Helly Hansen Men's Bivy 2.0 IceFX Winter Boots,$174.97,$249.99,4.1,7,False,False,True,False,BLACK
Woods Women's Haylmore III ICEFX Suede Waterproof Non-Slip Winter Boots,$79.97,$159.99,3.6,8,False,False,True,False,CHARCOAL GRAY
Kamik Men's Iceland Winter Boots,$159.99,,0.0,0,False,False,False,False,BLACK
Kamik Men's Iceland Winter Boots,$159.99,,0.0,0,False,False,False,False,BLACK/CHARCOAL
Helly Hansen Women's Whitley Waterproof Insulated Non-Slip Winter Boots,$118.97,$169.99,0.0,0,False,False,True,False,SNOW ROSE
KEEN Women's Greta Chelsea Winter Boots,$199.99,,4.1,38,True,False,False,False,DK GREEN
Salomon OUTsnap CSWP Waterproof Fleece-Lined Lightweight Winter Boots,$118.97,$169.99,4.9,23,True,False,True,False,LIGHT BLUE
Sorel Kids' Pre-School Flurry Waterproof Insulated Winter Boots,$90.00,,4.9,13,True,False,False,False,DEEP BLUSH/TROPIC PINK
Columbia Women's Minx Slip V Winter Boots,$149.99,,0.0,0,False,False,False,True,BLACK
The North Face Men's Snowfuse Non-Slip Waterproof Hiking Winter Boots,$111.97,$159.99,3.7,109,False,False,True,False,TNF BLACK
"SOREL Women's Emilie III Chelsea Boots, Waterproof",$83.97,$112.97,4.3,49,True,False,True,False,BROWN
Woods Men's Pinehurst Chelsea Boots,$159.99,,0.0,0,False,False,False,False,DK BROWN
Columbia Women's Minx™ Waterproof Insulated Non-Slip Winter Boots,$107.97,$154.99,4.0,4,False,False,True,False,BLACK
Sorel Women's Whitney II Short Waterproof Insulated Lace-Up Winter Boots,$126.97,$170.00,4.5,362,True,False,True,False,BLACK
Sorel Women's Whitney II Short Waterproof Insulated Lace-Up Winter Boots,$126.97,$170.00,4.5,362,True,False,True,False,CAMEL
The North Face Women's Shellista IV Luxe Waterproof Insulated Fur-Lined Winter Boots,$111.88,$160.97,4.3,108,True,False,True,False,BLACK/WHITE
Ripzone Toddler Kids' Autumn Casual Winter Boots,$12.97,$16.97,2.0,1,False,True,True,False,BLACK
Helly Hansen Kids' Grade School Varanger 2.0 Insulated Non-Slip Winter Boots,$44.97,$62.97,0.0,0,False,False,True,False,SUNSET PINK
Helly Hansen Women's Garibaldi VL Waterproof Insulated Faux Fur Winter Boots,$160.97,$229.99,4.2,117,True,False,True,False,BLACK
Timberland Men's Icon 6 Inch Boots,$102.97,$129.97,4.6,2577,True,False,True,False,MD BEIGE NUBUCK BRN
Woods Men's Telford II 6 Inch Insulated Waterproof IceFX Winter Boots,$84.97,$169.99,3.7,6,False,False,True,False,BROWN
Timberland Men's Treeline Waterproof Boots,$61.97,$83.97,4.9,13,True,False,True,False,BROWN
Vans Men's Standard Snow MTE Water-Resistant Non-Slip Winter Boots,$163.97,$234.99,4.0,20,True,False,True,False,BLACK/WHITE
Vans Men's Standard Snow MTE Water-Resistant Non-Slip Winter Boots,$163.97,$234.99,4.0,20,True,False,True,False,DK GREEN
Helly Hansen Men's Bowstring Primaloft Winter Boots,$174.99,,4.6,223,True,False,False,False,BROWN
Helly Hansen Men's Bowstring Primaloft Winter Boots,$174.99,,4.6,223,True,False,False,False,HONEY WHEAT -- 726
Merrell Men's Cham 8 Thermo Tall Waterproof Hiking Boot,$229.99,,4.2,99,True,False,False,False,BLACK
Vans Women's MTE Crosspath Boots,$175.00,,0.0,0,False,False,False,False,MARSHMALLOW
Columbia Women's Minx Shorty IV Winter Boots,$139.99,,5.0,1,False,False,False,True,BLACK
Columbia Women's Minx Shorty IV Winter Boots,$139.99,,5.0,1,False,False,False,True,WHITE
Timberland Men's 6 Inch Icon Waterproof Full Grain Leather Boots,$106.97,$134.97,4.6,900,True,False,True,False,NO COLOR
Storm by Cougar Women's Creek Lace Up Winter Boots,$47.88,$69.97,3.9,67,False,False,True,False,BLACK PATN
Storm by Cougar Women's Creek Lace Up Winter Boots,$47.88,$69.97,3.9,67,False,False,True,False,RED MAPLE PLAID
Storm by Cougar Women's Creek Lace Up Winter Boots,$47.88,$69.97,3.9,67,False,False,True,False,SILVER
"Timberland Women's Greyfield 6"" Leather Boots",$49.97,$66.97,5.0,1,False,True,True,False,DARK GREY SUEDE
The North Face Kids' Chilkate Lace II Waterproof Insulated Fleece Winter Boots,$69.97,$99.99,4.5,81,True,False,True,False,BLACK/ZINC
UGG Men's Emmett Mid Duck Winter Boots,$134.97,$180.00,4.7,163,True,False,True,False,BLACK
Bogs Kids' Pre-School Stomper Waterproof Insulated Winter Boots,$44.97,$62.97,0.0,0,False,False,True,False,BLK/RADIANT ORCHID
Ripzone Kids' Whiteout Waterproof Insulated Fleece-Lined Winter Boots,$29.97,$74.99,2.7,10,False,True,True,False,BLACK
Kamik Kids' Grade/Pre-School Powdery3 Light Winter Boots,$44.97,$62.97,5.0,2,False,False,True,False,LIGHT NAVY/MARINE
The North Face Kids' Alpenglow V Waterproof Insulated Non-Slip Winter Boots,$57.97,$79.97,4.4,87,True,False,True,False,OPTIC BLUE/BLK
Columbia Women's Minx Mid III Waterproof Non-Slip Faux Fur Winter Boots,$114.97,$164.99,4.3,809,True,False,True,False,BLACK
Ripzone Kids' Toddler Snowflake Winter Boots,$41.24,,0.0,0,False,True,False,False,BLACK
The North Face Women's Thermoball Lace-Up Waterproof Insulated Winter Boots,$199.99,,4.7,87,True,False,False,False,GARDENIA WHITE/TNF BLACK
The North Face Women's Thermoball Lace-Up Waterproof Insulated Winter Boots,$199.99,,4.7,87,True,False,False,False,TNF BLACK/ASPHALT GREY
Ripzone Girls' Grade/Pre-School Icelynn Grayed Insulated Fleece-Lined Winter Boots,$31.97,$79.99,1.0,1,False,False,True,False,TURQUOISE
Helly Hansen Women's Sorrento Waterproof Suede Faux Fur Winter Boots,$111.97,$159.99,3.7,3,False,False,True,False,BLACK
Columbia Women's Moritzia Shield Waterproof Insulated Lightweight Winter Boots,$114.97,$164.99,4.3,9,False,False,True,False,CREAM
Kamik Toddler Girls' Snowbug 5 Winter Boots,$54.99,,0.0,0,False,False,False,False,ROSE
BOGS Kids' Pre-School Snow Shell Waterproof Insulated Lightweight Winter Boots,$80.00,,5.0,11,True,False,False,False,PURPLE
Merrell Women's Snowcreek Sport Mid Zip Winter Boots,$169.99,,4.1,151,True,False,False,False,BLACK
Vans Men's MTE Crosspath Boots,$175.00,,4.6,5,False,False,False,True,BLACK/WHITE
The North Face Kids' Grade School Fastpack Hiker Mid Waterproof Boot,$92.97,$124.99,4.9,48,True,False,True,False,NAVY
Helly Hansen Women's Lynn Chelsea Boots,$70.97,$88.97,5.0,2,False,False,True,False,BLACK
Ripzone Men's Davenport Insulated Waterproof Shell Winter Boots,$69.97,$139.99,0.0,0,False,False,True,False,DK GRAY
Merrell Women's Thermo Aurora 2 Waterproof Insulated Fleece-Lined Winter Boots,$139.97,$199.99,4.1,198,True,False,True,False,BLACK
Ripzone Women's Ara Chelsea Rubber Waterproof Short Rain Boots,$44.99,,4.2,40,True,False,False,False,BLACK
Sorel Kids' Grade School Youth Flurry Waterproof Insulated Non-Slip Winter Boots,$85.00,,4.6,113,True,False,False,False,RED
Kamik Toddler Kids' Snowbug 5 Winter Boots,$54.99,,2.0,2,False,False,False,False,NAVY
Woods Women's DALL IceFX Winter Boots,$159.99,,0.0,0,False,False,False,False,BLACK
Woods Women's DALL IceFX Winter Boots,$159.99,,0.0,0,False,False,False,False,LT BROWN
Bogs Kids' Snow Shell Waterproof Insulated Feece Winter Boots,$80.00,,4.8,13,True,False,False,False,BLACK
Timberland Men's Chillberg Premium Insulated Waterproof Winter Boots,$170.00,,4.3,89,True,False,False,False,BLACK
Ripzone Women's Davenport Shell Waterproof Insulated Sherpa Lined Winter Boots,$69.97,$139.99,4.1,14,True,False,True,False,APPLE CINNAMON
The North Face Kids' Grade School Shellista III Mid Waterproof Insulated Lace-Up Winter Boots,$64.97,$90.97,4.6,15,True,False,True,False,FAWN GREY/ASPHALT
Merrell Men's Moab 3 Thermo Mid Waterproof Winter Boots,$153.97,$219.99,4.2,38,True,False,True,False,BLACK
"Sorel Kids' Toddler Snow Commander Winter Boots, Girls', Waterproof, Snow, Velcro",$80.00,,4.6,42,True,False,False,False,PURPLE
Ripzone Kids' Grade/Pre-School Lumi Insulated Fleece-Lined Non-Slip Winter Boots,$25.97,$64.99,0.0,0,False,False,True,False,BLACK
Helly Hansen Men's Arctic Patrol Insulated Winter Boots,$179.99,,3.0,26,False,False,False,False,BLACK
Merrell Women's Siren Thermo 4 Chelsea Waterproof Insulated Lightweight Winter Boots,$156.97,$224.99,3.4,72,False,False,True,False,BROWN
HOKA Men's Anacapa 2 Mid GORE-TEX Waterproof Leather Hiking Shoes,$244.99,,3.6,96,False,False,False,False,BLACK
HOKA Men's Anacapa 2 Mid GORE-TEX Waterproof Leather Hiking Shoes,$244.99,,3.6,96,False,False,False,False,GRAY
Vasque Men's Breeze LT ECO Mid Waterproof Mesh Hiking Shoes,$107.97,$135.97,3.7,7,False,False,True,False,WALNUT
Vasque Men's Breeze Waterproof Mesh Hiking Shoes,$189.99,,2.9,10,False,False,False,False,GRAY
The North Face Kids' Alpenglow V Winter Boots,$114.99,,4.4,91,True,False,False,False,BLACK
The North Face Kids' Alpenglow V Winter Boots,$114.99,,4.4,91,True,False,False,False,TNF BLACK/VANADIS GREY
Helly Hansen Men's Cascade Mid HELLY TECH® Hiking Shoes,$189.99,,0.0,0,False,False,False,False,DK ORANGE
Scarpa Men's Rush Trek GORE-TEX Waterproof Leather Hiking Shoes,$299.00,,0.0,0,False,False,False,False,BLACK
Scarpa Men's Terra GORE-TEX Waterproof Leather Hiking Shoes,$299.00,,5.0,2,False,False,False,False,BROWN
Columbia Men's Bugaboot III Insulated Waterproof Winter Boots,$179.99,,4.2,204,True,False,False,False,BLACK_010
The North Face Women's Vectiv Fastpack Mid Futurelight Hiking Shoes,$219.99,,4.3,116,True,False,False,False,KELP TAN/TNF BLACK
Salomon Men's Toundra Pro ClimaShield Waterproof Winter Boots,$279.99,,3.8,58,False,False,False,False,BLACK
Merrell Women's Moab 3 Waterproof Hiking Shoes,$169.99,,4.7,214,True,False,False,False,GRAY
Merrell Women's Moab 3 Hiking Shoes,$149.99,,4.6,303,True,False,False,False,ALTITUDE
Merrell Women's Moab 3 Hiking Shoes,$149.99,,4.6,303,True,False,False,False,FALCON
Merrell Women's Moab 3 Hiking Shoes,$149.99,,4.6,303,True,False,False,False,LAUREL
Merrell Women's Moab 3 Hiking Shoes,$149.99,,4.5,342,True,False,False,False,SMOKE
"Salomon Women's X Ultra 4 GTX Athletic Shoes, Sneakers, Waterproof",$194.99,,4.0,189,True,False,False,False,BLACK
"Salomon Women's X Ultra 4 GTX Athletic Shoes, Sneakers, Waterproof",$194.99,,4.0,189,True,False,False,False,BLACK/STORMY WEATHER/OPAL BLUE
Scarpa Women's Rush Hiking Shoes,$97.97,$122.97,5.0,1,False,False,True,False,BLUE
Merrell Men's Thermo 6 Shell Insulated Winter Boots,$199.99,,3.9,1039,False,False,False,False,NO COLOR
Bogs Toddler Kids' Baby Classic Winter Boots,$47.97,$80.00,4.6,9,False,False,True,False,BLK MULTI
Ripzone Kids' Grade/Pre-School Lumi Casual Winter Boots,$64.99,,0.0,0,False,False,False,False,BROWN
Keen Women's Koven Hiking Shoes,$139.99,,4.0,123,True,False,False,False,GRAY
Columbia Women's Peakfreak™ II Outdry™ Low Hiking Shoes,$119.98,,4.7,17,True,False,False,False,PINK
Timberland Kids' Chillberg RR Waterproof Insulated Non-Slip Winter Boots,$130.00,,4.3,134,True,False,False,False,NO COLOR
Merrell Women's MQM 3 GORE-TEX Hiking Shoes,$199.99,,4.2,44,True,False,False,False,CHARCOAL/ORCHID
Merrell Women's MQM 3 GORE-TEX Hiking Shoes,$199.99,,4.3,56,True,False,False,False,STEEL BLUE/BELUGA
Helly Hansen Women's Cascade Mid HELLY TECH® Hiking Shoes,$189.99,,0.0,0,False,False,False,False,GRAY
Merrell Women's Moab Speed Hiking Shoes,$169.99,,4.1,207,True,False,False,False,BLACK
The North Face Men's Thermoball Traction Booties/Slippers,$94.99,,4.9,1783,True,False,False,False,BLACK
The North Face Men's Thermoball Traction Booties/Slippers,$94.99,,4.9,1783,True,False,False,False,PHANTOM GREY -- 411
UGG Kids' Mini ll Waterproof Boots,$150.00,,4.7,157,True,False,False,False,BROWN
Merrell Women's Siren Sport 3 Hiking Shoes,$169.99,,4.0,65,False,False,False,False,GRAY
Merrell Men's Moab Speed Thermo Mid Top Insulated Waterproof Winter Boots,$160.97,$229.99,4.4,156,True,False,True,False,BLACK
Merrell Men's MQM 3 GORE-TEX® Waterproof Hiking Shoes,$189.99,,4.6,230,True,False,False,False,OLIVE/GUM
Salomon Men's X ULTRA PIONEER CLIMASALOMON Hiking Shoes,$110.97,$126.97,4.0,38,True,False,True,False,BLACK
Salomon Women's X Ultra 4 Hiking Shoes,$209.99,,3.7,118,False,False,False,False,GRAY
adidas Women's Terrex RAIN.RDY Hiking Shoes,$220.00,,4.4,95,True,False,False,False,CBLACK/GREFIV/GREONE
HOKA Women's Anacapa 2 Mid GORE-TEX Waterproof Hiking Shoes,$244.99,,3.7,67,False,False,False,False,DUSK/ILLUSION
KEEN Men's Targhee III Mid Hiking Shoes,$219.99,,4.0,56,True,False,False,False,BLK/OLIVE
Merrell Women's MOAB Speed Mid Hiking Shoes,$219.99,,4.2,116,True,False,False,False,BLACK
KEEN Women's Voyageur Hiking Shoes,$160.00,,4.4,279,True,False,False,False,BRINDLE/ALASKAN BLUE
The North Face VECTIV Exploris 2 Mid FUTURELIGHT Hiking Shoes,$148.97,$229.99,5.0,2,False,False,True,False,TNF BLACK/VANADIS GREY
Columbia Men's Konos TRS Outdry Mid Hiking Shoes,$169.99,,4.6,5,False,False,False,False,BLACK
Merrell Men's Moab Speed Mid GORE-TEX Hiking Shoes,$219.99,,4.2,201,True,False,False,False,BLACK
Columbia Women's Trailstorm Peak Hiking Shoes,$106.97,$144.99,4.4,10,True,False,True,False,GRAPHITE/ICY MORN
Scarpa Women's Boreas GTX Waterproof Lightweight Hiking Shoes,$157.97,$215.97,0.0,0,False,False,True,False,LT GRAY
Merrell Men's Moab 3 Waterproof Hiking Shoes,$169.99,,4.4,174,True,False,False,False,BELUGA
Merrell Men's Moab 3 Waterproof Hiking Shoes,$169.99,,4.4,174,True,False,False,False,DARK BROWN
Timberland Men's Motion Scramble Mid Lace-Up Waterproof Hiking Shoes,$179.99,,4.7,20,True,False,False,False,LT BROWN
La Sportiva Men's TX Hike Mid GORE-TEX Hiking Shoes,$239.99,,0.0,0,False,False,False,False,CHARCOAL
Merrell Men's MQM 3 GORE-TEX® Hiking Shoes,$219.99,,4.3,47,True,False,False,False,OLIVE
Columbia Women's Konos TRS Outdry Mid Hiking Shoes,$169.99,,5.0,2,False,False,False,False,MED PURPLE
Helly Hansen Women's Switchback 2 Mid HELLY TECH® Hiking Shoes,$169.99,,5.0,1,False,False,False,False,BLACK
Scarpa Men's Rush GORE-TEX Hiking Shoes,$152.97,$218.99,0.0,0,False,False,True,False,NAVY
Keen Men's Zionic Mid Waterproof Hiking Shoes,$219.99,,4.7,167,True,False,False,False,DK GREEN
Helly Hansen Women's Cascade Mid Waterproof Hiking Shoes,$106.88,$133.97,4.8,4,False,False,True,False,BLACK / BRIGHT BLOOM
Scarpa Men's Rush 2 Mid GTX Hiking Shoes,$259.00,,0.0,0,False,False,False,False,LT GREEN
Merrell Women's Moab Speed Thermo Mid Waterproof Insulated Lightweight Winter Boots,$160.97,$229.99,4.5,129,True,False,True,False,BLACK
The North Face Women's Hedgehog 3 Mid Hiking Shoes,$199.99,,4.1,8,False,False,False,False,DK GRAY
Salomon Women's Quest 4 Hiking Shoes,$289.99,,3.9,84,False,False,False,False,GRAY
adidas Women's Five Ten Freerider Mountain Bike Hiking Shoes,$130.00,,4.4,28,True,False,False,False,CBLACK/ACIMIN/CBLACK
Merrell Men's Moab 3 Granite v2 Hiking Shoes,$149.99,,4.6,445,True,False,False,False,GRANITE V2
Merrell Women's Erie Mid Waterproof Hiking Shoes,$159.99,,4.6,65,True,False,False,False,BRINDLE
Merrell Men's Moab 3 Waterproof Wide Hiking Shoes,$169.99,,4.6,173,True,False,False,False,BELUGA
Merrell Men's Moab 3 Waterproof Wide Hiking Shoes,$169.99,,4.6,173,True,False,False,False,DARK BROWN
Merrell Men's Thermo Akita Insulated Winter Boots,$169.99,,4.2,65,True,False,False,False,BLACK
Merrell Men's Thermo Akita Insulated Winter Boots,$169.99,,4.2,65,True,False,False,False,ESPRESSO
Scarpa Women's Rush 2 Mid GTX Hiking Shoes,$259.00,,0.0,0,False,False,False,False,MED BLUE
Merrell Women's Siren Edge 3 Hiking Shoes,$149.99,,4.5,498,True,False,False,False,LIGHT BROWN
Columbia Women's Bugaboot III Winter Boots,$107.88,$125.97,4.3,115,True,False,True,False,BLACK/PACIFIC RIM
Merrell Men's Speed Eco Hiking Shoes,$149.99,,4.6,32,True,False,False,False,BLACK/ASPHALT
KEEN Men's Targhee III Mid Wide Hiking Shoes,$199.99,,4.2,278,True,False,False,False,SHITAKE/MULCH
Merrell Women's Moab 3 Waterproof Wide Hiking Shoes,$149.99,,4.5,114,True,False,False,False,ALTITUDE
Merrell Women's Moab 3 Waterproof Wide Hiking Shoes,$149.99,,4.5,114,True,False,False,False,FALCON
Merrell Women's Moab Speed 2 Hiking Shoes,$179.99,,4.6,42,True,False,False,False,BLACK
Merrell Women's Moab Speed 2 Hiking Shoes,$179.99,,4.6,42,True,False,False,False,CORNFLOWER
Merrell Women's Moab Speed 2 Hiking Shoes,$179.99,,4.6,42,True,False,False,False,KHAKI
Keen Women's Zionic Mid Lightweight Waterproof Hiking Shoes,$219.99,,4.8,150,True,False,False,False,TEAL
adidas Men's Terrex Trailmaker 2.0 GORE-TEX Hiking Shoes,$159.99,,4.7,195,True,False,False,False,CARBON/GREY/BLACK
KEEN Men's Targhee IV Waterproof Hiking Shoes,$199.99,,4.5,40,True,False,False,False,BISON/BRINDLE
Kamik Women's Icelyn Winter Boots,$100.97,$144.99,0.0,0,False,False,True,False,BLACK
Merrell Women's Bravada 2 Hiking Shoes,$144.99,,4.4,151,True,False,False,False,NAVY
Keen Men's Targhee III Waterproof Hiking Shoes,$199.99,,4.1,252,True,False,False,False,BROWN
Merrell Women's Moab 3 Thermo Mid Waterproof Insulated Non-Slip Winter Boots,$153.97,$219.99,4.7,116,True,False,True,False,BRINDLE
Merrell Men's Moab Speed 2 Hiking Shoes,$179.99,,4.6,60,True,False,False,False,OLIVE
Merrell Men's Moab Speed 2 GORE-TEX Hiking Shoes,$209.99,,4.3,39,True,False,False,False,CLAY
"Merrell Women's Crosslander 3 Hiking shoes, Waterproof",$129.99,,0.0,0,False,True,False,False,BLACK
Sorel Kids' Flurry Winter Boots,$85.00,,4.7,45,True,False,False,False,BLACK/SUPER BLUE
adidas Women's Terrex Free Hiker Primeblue Knit Waterproof Hiking Shoes,$279.99,,4.5,128,True,False,False,False,WHITE
SOREL Men's Explorer Drift Insulated Waterproof Boots,$54.97,$73.97,4.6,11,True,False,True,False,BROWN
"Salomon Men's X Ultra 360 CSWP Hiking Shoes, Waterproof, All Terrain",$169.99,,3.7,10,False,False,False,False,BROWN
Merrell Men's Moab 3 Waterproof Hiking Shoes,$169.99,,4.5,244,True,False,False,False,GRANITE
Helly Hansen Women's Stalheim HELLY TECH® Hiking Shoes,$70.97,$88.97,0.0,0,False,False,True,False,DK ORANGE
Helly Hansen Women's Stalheim HELLY TECH® Hiking Shoes,$70.97,$88.97,0.0,0,False,False,True,False,MINT/STORM
Helly Hansen Men's Switchback Hiking Shoes,$78.97,$96.97,4.5,77,True,False,True,False,BROWN
On Men's Cloudwander Waterproof Hiking Shoes,$229.99,,5.0,1,False,False,False,False,BLACK
On Women's Cloudwander Waterproof Hiking Shoes,$229.99,,0.0,0,False,False,False,False,BLACK/ECLIPSE
HOKA Men's Transport Hiking Shoes,$174.99,,3.9,493,False,False,False,False,BLACK
Columbia Women's Peakfreak II OutDry Hiking Shoes,$119.98,$159.99,4.7,9,False,False,False,False,GRAY
Merrell Men's Moab 3 Vent Hiking Shoes,$149.99,,4.4,281,True,False,False,False,BELUGA
adidas Women's Terrex RAIN.DRY Hiking Shoes,$129.99,,4.2,30,True,False,False,False,BLACK/BLACK/GREY
Merrell Men's Moab 3 Vent Hiking Shoes,$149.99,,4.6,509,True,False,False,False,WALNUT
Merrell Women's Antora Thermo Mid 3 Waterproof Insulated Non-Slip Winter Boots,$146.97,$209.99,4.6,43,True,False,True,False,BLACK
HOKA Men's Transport Hiking Shoes,$174.99,,3.9,494,False,False,False,False,HARBOUR MIST/LIME
Merrell Men's Moab 3 Hiking Shoes,$169.99,,4.4,204,True,False,False,False,OLIVE
Helly Hansen Men's Cascade Mid Hiking Shoes,$106.88,$133.97,4.2,14,True,False,True,False,BLACK
Helly Hansen Men's Switchback Trail HT Hiking Shoes,$159.99,,0.0,0,False,False,False,False,BUSHWACKER
Salomon Men's Ultra 4 Hiking Shoes,$194.99,,3.7,299,False,False,False,False,DK GRAY
adidas Men's RAIN.DRY Terrex Hiking Shoes,$119.99,,0.0,0,False,False,False,False,OLIVE STRATA/WONDER BEIGE/BLACK
The North Face Men's Truckee Hiking Shoes,$139.99,,3.8,5,False,False,False,False,BLACK
Helly Hansen Men's Cascade Low HELLY TECH® Hiking Shoes,$159.99,,4.3,13,True,False,False,False,BLACK
HOKA Women's Anacapa 2 Freedom Hiking Shoes,$199.99,,3.3,14,False,False,False,False,SESAME / GLAUCOUS
Helly Hansen Men's Gobi 2 HT Hiking Shoes,$76.88,$96.97,1.4,8,False,False,True,False,BLACK
Helly Hansen Women's Switchback Low 2 HELLY TECH® Trail Hiking Shoes,$149.99,,0.0,0,False,False,False,False,BLACK
Kamik Women's Momentum 3 Winter Boots,$139.99,,4.0,6,False,False,False,False,BLUE
Kamik Women's Momentum 3 Winter Boots,$139.99,,4.0,6,False,False,False,False,RED
Merrell Men's Moab Speed 2 Light Hiking Shoes,$179.99,,4.7,58,True,False,False,False,BLACK
Merrell Men's MQM 3 Waterproof Hiking Shoes,$199.99,,4.2,132,True,False,False,False,BOULDER
Merrell Men's Crosslander 2 Hiking Shoes,$119.99,,4.5,416,True,False,False,False,BOULDER/APRICOT
The North Face Women's Back-To-Berkeley IV Waterproof Boots,$112.97,$189.99,4.4,16,True,False,True,False,KHAKI STONE/UTILITY BROWN
Keen Women's Zionic Waterproof Hiking Shoes,$199.99,,4.7,206,True,False,False,False,BLACK/BLACK
Keen Women's Zionic Waterproof Hiking Shoes,$199.99,,4.7,206,True,False,False,False,NAVAL ACADEMY/NOSTALGIA ROSE
Keen Men's Targhee III Mid Waterproof Leather Hiking Shoes,$199.99,,4.2,667,True,False,False,False,DK GREEN
Merrell Men's MQM 3 Hiking Shoes,$169.99,,3.6,22,False,False,False,False,OLIVE
Merrell Men's Moab Speed Hiking Shoes,$169.99,,4.0,340,True,False,False,False,BROWN
adidas Women's Terrex Gore-Tex Waterproof Breathable Hiking Shoes,$300.00,,4.8,314,True,False,False,False,MAGGRE/CBLACK/SKYRUS
Merrell Men's Moab 2 Mid Waterproof Hiking Shoes - Earth,$189.99,,4.1,711,True,False,False,False,EARTH
Merrell Women's Wildwood AerosportTrail Hiking Shoes,$119.99,,4.5,67,True,False,False,False,MONUMENT
KEEN Men's Zionic Waterproof Hiking Shoes,$199.99,,4.8,159,True,False,False,False,DARK FOREST/BLACK
Merrell Men's Moab 3 Waterproof Hiking Shoes,$169.99,,4.4,174,True,False,False,False,BRACKEN
Keen Men's Zionic Waterproof Hiking Shoes,$199.99,,4.8,147,True,False,False,False,BLACK
"KEEN Women's Zionic Hiking Shoes, Waterproof",$199.99,,4.8,158,True,False,False,False,LT GREEN
Sorel Kids' Whitney II Strap Waterproof Insulated Fleece Winter Boots,$100.00,,3.5,29,False,False,False,False,"JET, POPPY RED"
Keen Women's Circadia Vent Hiking Shoes,$139.99,,3.2,14,False,False,False,False,SYRUP/BOYSENBERRY
Merrell Men's MQM 3 GORE-TEX Hiking Shoes,$199.99,,4.2,128,True,False,False,False,COYOTE/BLACK
Keen Women's Nxis Speed Fjord Hiking Shoes,$70.88,$88.97,4.6,31,True,False,True,False,FJORD BLUE/OMBRE
The North Face Women's VECTIV Taravel Tech Hiking Shoes,$169.99,,4.7,32,True,False,False,False,DK GRAY
Salomon Women's X Ultra 360 CSWP Waterproof All Terrain Hiking Shoes,$169.99,,4.6,16,True,False,False,False,GRAY
Keen Women's Circadia Waterproof Hiking Shoes,$159.99,,3.3,17,False,False,False,False,STEEL GREY/BOYSENBERRY
adidas Men's Terrex Free Hiker 2.0 Low Hiking Shoes,$239.99,,4.7,289,True,False,False,False,WONDER BEIGE/BLACK/SEMI IMPACT ORANGE
Helly Hansen Women's Cascade Low HELLY TECH® Hiking Shoes,$169.99,,0.0,0,False,False,False,False,LT GREEN
KEEN Canada Outdoor Men's Voyageur Hiking Shoes,$160.00,,4.2,315,True,False,False,False,BLACK
Merrell Men's Moab Speed Hiking Shoes,$86.97,$109.97,3.9,317,False,False,True,False,BLACK MULTI
Keen Men's Circadia Vent Hiking Shoes,$139.99,,4.0,11,True,False,False,False,BLACK/STEEL GREY
adidas Women's Terrex Free Hiker 2.0 Gore-Tex Hiking Shoes,$300.00,,4.6,295,True,False,False,False,WONDER RED/CORE BLACK/PULSE LILAC
Bogs Toddler Girls' Baby Classic Winter Boots,$47.97,$80.00,4.6,9,False,False,True,False,BLK MULTI
Keen Men's Zionic Speed Hiking Shoes,$169.99,,4.8,53,True,False,False,False,BLACK/STAR WHITE
Keen Men's Koven Hiking Shoes,$139.99,,4.3,195,True,False,False,False,BLUE GREY
The North Face Men's Storm Strike III Insulated Waterproof Winter Boots,$184.99,,0.0,0,False,False,False,False,TNF BLACK/ASPHALT GREY
Helly Hansen Men's Switchback HELLY TECH® Low Trail Hiking Shoes,$149.99,,0.0,0,False,False,False,False,BROWN
KEEN Men's Voyageur Hiking Shoes,$159.99,,4.3,9,False,False,False,False,DARK GREY
Helly Hansen Women's Bivy 2.0 Winter Boots,$174.97,$249.99,3.3,3,False,False,True,False,BLACK
Ripzone Women's Parkdale Winter Boots,$64.97,$129.99,0.0,0,False,False,True,False,BROWN
Sorel Women's Tivoli™ V Parc Waterproof Winter Boots,$199.99,,4.9,29,True,False,False,False,BLACK
Merrell Men's MQM 3 Hiking Shoes,$169.99,,3.6,22,False,False,False,False,BLACK
Merrell Men's MQM 3 Hiking Shoes,$169.99,,3.6,22,False,False,False,False,BLACK/EXUBERANCE
Scarpa Women's Terra GORE-TEX Waterproof Hiking Shoes,$299.00,,4.0,2,False,False,False,False,DK BROWN
Helly Hansen Men's Stalheim High Top Hiking Shoes,$149.99,,2.0,1,False,False,False,False,876 CONCRETE / SWEET LIME
"""Salomon Women's CROSS HIKE 2 MID GORE-TEX Hiking shoes, Lightweight, Deep Lugs, Waterproof""",$110.88,$138.97,4.3,3,False,False,True,False,BROWN
Merrell Men's Moab 3 Hiking Shoes,$149.99,,4.6,444,True,False,False,False,BLACK NIGHT
UGG Kids' Butte ll CWR Winter Boots,$170.00,,4.8,289,True,False,False,False,BLACK
HOKA One Women's Transport Hiking Shoes,$174.99,,4.2,801,True,False,False,False,EGGNOG
HOKA One Women's Transport Hiking Shoes,$174.99,,4.2,801,True,False,False,False,WHITE
Sorel Women's Whitney™ II Plus Lace Waterproof Winter Boots,$149.99,,5.0,1,False,False,False,False,BLACK
Sorel Women's Whitney™ II Plus Lace Waterproof Winter Boots,$149.99,,5.0,1,False,False,False,False,LT BROWN
Ripzone Men's Beaumont Waterproof Shell Winter Boots,$119.99,,0.0,0,False,False,False,True,MED BROWN
Keen Men's Targhee III Waterproof Hiking Shoes,$199.99,,3.8,8,False,False,False,False,DK GREEN
Kamik Kids' Snowfall 2 Waterproof Insulated Lightweight Winter Boots,$89.99,,0.0,0,False,False,False,False,DARK OLIVE
Teva Women's midform Chelsea Boots,$180.00,,3.6,37,False,False,False,False,BLACK
Sorel Women's OUT N ABOUT™ IV Classic Waterproof Boots,$149.99,,4.4,18,True,False,False,False,LT BROWN
Sorel Women's OUT N ABOUT™ IV Classic Waterproof Boots,$149.99,,4.4,18,True,False,False,False,MED BROWN
UGG Kids' Classic ll Winter Boots,$170.00,,4.8,963,True,False,False,False,CHESTNUT
Kamik Kids' Snow Mate Waterproof Insulated Lightweight Winter Boots,$89.99,,0.0,0,False,False,False,False,BLACK
Ripzone Kids' Powder Day Easy-On Winter Boots,$25.97,$64.99,5.0,1,False,False,True,False,BLACK
Kamik Kids' Star 4 Waterproof Insulated Fleece Winter Boots,$89.99,,0.0,0,False,False,False,False,BLACK
Scarpa Men's Rush Mid GORE-TEX Waterproof Fabric Hiking Shoes,$166.97,$238.99,5.0,1,False,False,True,False,DARK BLUE
The North Face Women's Truckee Sneaker-Style Hiking Shoes,$92.97,$134.99,0.0,0,False,False,True,False,TNF BLACK/VANADIS GREY
"Merrell Women's Coldpack 3 Thermo Moc Winter Boots, Waterproof",$199.99,,4.6,62,True,False,False,False,BLACK
Salomon Men's X ULTRA 360 Climasalomon Waterproof Hiking Shoes,$169.99,,3.6,9,False,False,False,False,BLACK
Sorel Kids' Whitney II Lace Waterproof Insulated Non-Slip Winter Boots,$120.00,,4.6,35,True,False,False,False,"JET, SEA SALT"
Helly Hansen Women's Cascade Low-Cut Waterproof Lightweight Hiking Shoes,$86.88,$108.97,4.2,13,True,False,True,False,BLACK
Merrell Women's Siren Edge 3 Hiking Shoes,$149.99,,4.2,200,True,False,False,False,ROCK/BLUESTONE
BOGS Women's Arcata Dash Winter Boots,$194.99,,4.8,22,True,False,False,False,BLACK
The North Face Women's VECTIV Fastpack Mid FUTURELIGHT Hiking Shoes,$148.97,$214.99,4.3,116,True,False,True,False,LUNAR SLATE/ASPHALT GREY
Merrell Women's Moab 3 Mid Waterproof Hiking Shoes,$189.99,,4.6,275,True,False,False,False,LT GRAY
Salomon Men's Quest 4 Hiking Shoes,$289.99,,3.9,400,False,False,False,False,DK GRAY
The North Face Men's Ultra 112 Waterproof Hiking Shoes,$199.99,,4.7,33,True,False,False,False,NEW TAUPE GREEN/TNF BLACK
Religious Comfort Women's Home Grown Hiking Shoes,$165.00,,0.0,0,False,False,False,True,BLACK
Hydro Flask Small Bottle Boot,$17.95,,4.7,231,True,False,False,False,
Scarpa Men's Rush Hiking Shoes,$131.97,$188.99,0.0,0,False,False,True,False,BLUE
Skechers Women's Trego Medium Waterproof Hiking Shoes,$70.88,$89.97,5.0,1,False,False,True,False,BLACK
Gear Aid Freesole Shoe and Boot Repair,$13.99,,4.7,7,False,False,False,False,
Keen Kids' Grade/Pre-School Wanduro Mid Waterproof Hiking Shoes,$71.24,,4.3,4,False,False,False,False,BLK/SILVER
KEEN Men's NXIS Speed Hiking Shoes,$117.97,$169.99,4.9,7,False,False,True,False,RED
Columbia Men's Peakfreak II OutDry Hiking Shoes,$119.98,$159.99,4.6,57,True,False,False,False,BLACK
Merrell Men's Moab 2 Waterproof Hiking Shoes,$126.97,$169.99,4.4,717,True,False,True,False,NO COLOR
Salomon Women's Outrise Gore-Tex Hiking Shoes,$93.88,$117.97,3.8,6,False,False,True,False,BLACK/MAGNET
Helly Hansen Men's Stalheim HELLY TECH® Waterproof Hiking Shoes,$149.99,,3.5,2,False,False,False,False,ORANGE
Merrell Men's Jungle Moc Slip-On Wide Shoes,$119.99,,4.6,1031,True,True,False,False,BLACK
Bogs Women's White Out Faded Winter Boots,$128.97,$185.00,4.7,375,True,False,True,False,BLACK
Sorel Kids' Yoot Pac Waterproof Insulated Fleece-Lined Winter Boots,$115.00,,4.9,32,True,False,False,False,BLACK
Helly Hansen Men's Pinehurst Leather Boots,$88.88,$111.97,4.9,9,False,False,True,False,DK BROWN
Woods Kids' Lawson Swe­­­­­atshirt,$9.97,$20.00,0.0,0,False,False,True,False,DEEP LAGOON
Helly Hansen Women's Isolabella 2 Demi Waterproof Insulated Non-Slip Winter Boots,$104.97,$149.99,0.0,0,False,False,True,False,CHAMPANGE
Helly Hansen Women's Isolabella 2 Demi Waterproof Insulated Non-Slip Winter Boots,$104.97,$149.99,0.0,0,False,False,True,False,IVORY
Ripzone Toddler Girls' Iris Rain Boot Unicorn Running Shoes,$21.97,$29.99,4.2,6,False,False,True,False,ORCHID PETAL
Merrell Men's Thermo Overlook 2 Mid Top Waterproof Insulated Non Slip Winter Boot,$156.97,$224.99,4.4,225,True,False,True,False,BLACK
DC Men's Pure High-Top Textile Mesh High-Top Winter Shoes,$114.99,,5.0,3,False,False,False,False,WHEAT
Woods Kids' Blakiston Booties,$4.88,$6.88,0.0,0,False,False,True,False,MIDNIGHT NAVY
Ripzone Women's Brooklands Nylon Waterproof Boots,$109.99,,0.0,0,False,False,False,False,GRAY
Woods Men's Robson Lace Up Fleece-Lined Insulated Winter Boots,$89.97,$179.99,3.5,2,False,False,True,False,BLACK
The North Face Women's Chilkat V 400 Waterproof Insulated Lightweight Winter Boots,$149.97,$214.99,4.2,52,True,False,True,False,TAUPE/BLACK
The North Face Women's Storm Strike III Lace-Up Waterproof Insulated Winter Boots,$128.97,$184.99,3.5,2,False,False,True,False,TAUPE/BLACK
Sorel Women's Tivoli V Waterproof Winter Boots,$199.99,,4.8,28,True,False,False,False,BLACK
The North Face Women's Storm Sierra Luxe Waterproof Insulated Lightweight Winter Boots,$106.88,$123.88,4.6,61,True,False,True,False,GREEN/GINGER
Merrell Women's Moab Speed Thermo Mid Waterproof Winter Boots,$169.99,,4.2,25,True,False,False,False,BLACK
KEEN Canada Outdoor Men's Revel III Winter Hiking Boots,$219.99,,4.3,209,True,False,False,False,GRAY
KEEN Canada Outdoor Men's Revel III Winter Hiking Boots,$219.99,,4.3,209,True,False,False,False,GRAY/GREEN
Sorel Women's Whitney™ II Plus Tall Lace Waterproof Winter Boots,$169.99,,0.0,0,False,False,False,False,BLACK
The North Face Men's Back-To-Berkeley IV Textile Waterproof Boots,$189.99,,4.4,41,True,False,False,False,SHADY BLUE/BROWN
Woods Men's Hayward 6-inch Shell Winter Boots,$189.99,,0.0,0,False,False,False,False,MED BROWN
Salomon Women's X Ultra 4 Mid Waterproof Insulated Winter Boots,$199.99,,4.2,10,True,False,False,False,GRAY
Merrell Women's Bravada 2 Thermo Demi Waterproof Insulated Fleece Lined Winter Boots,$128.97,$184.99,3.5,166,False,False,True,False,BLACK/ARONA
The North Face Women's Shellista V Mid Waterproof Boots,$219.99,,5.0,1,False,False,False,False,BLACK
The North Face Men's Bergen Leather Waterproof Boots,$209.99,,5.0,4,False,False,False,False,BLACK
The North Face Men's Bergen Leather Waterproof Boots,$209.99,,5.0,4,False,False,False,False,NEW TAUPE GREEN
Kamik Women's Momentum L2 Winter Boots,$129.99,,0.0,0,False,False,False,False,BLACK
Kamik Women's Momentum L2 Winter Boots,$129.99,,0.0,0,False,False,False,False,WHITE
Sorel Men's Buxton Pull On Insulated Waterproof Winter Boots,$134.97,$180.00,4.0,44,True,False,True,False,BLACK
Vans Men's Standard Mid Snow MTE Winter Boots,$205.00,,4.3,26,True,False,False,False,BLACK/WHITE
The North Face Men's Chilkat V Lace Waterproof Boots,$179.99,,4.0,76,True,False,False,False,COFFEE BROWN
The North Face Women's Halseigh Thermoball Lace-Up Waterproof Insulated Winter Boots,$153.97,$219.99,4.9,13,True,False,True,False,TNF BLACK/ASPHALT GREY
Sorel Men's Pac Nylon Insulated Waterproof Winter Boots,$170.00,,4.3,149,True,False,False,False,CAMEL
Merrell Women's Marquette Thermo Waterproof Winter Boots,$174.99,,0.0,0,False,False,False,False,BLACK
BOGS Women's Arcata Urban Mid Leather Waterproof Winter Boots,$209.99,,4.1,20,True,False,False,False,DK GREEN
The North Face Men's Back-To-Berkeley IV Waterproof Boots,$189.99,,4.4,41,True,False,False,False,GREEN
The North Face Men's Back-To-Berkeley IV Waterproof Boots,$189.99,,4.4,41,True,False,False,False,THYME/UTILITY BROWN
Helly Hansen Men's The Forester Quick Dry Waterproof Winter Boots,$125.97,$180.00,4.1,18,True,False,True,False,708 COFFE BEAN
Helly Hansen Men's The Forester Quick Dry Waterproof Winter Boots,$125.97,$180.00,4.1,18,True,False,True,False,727 HONEY WHEAT
Helly Hansen Men's The Forester Quick Dry Waterproof Winter Boots,$125.97,$180.00,4.1,18,True,False,True,False,BLACK
Merrell Men's Moab 3 Thermo Extreme Insulated Winter Boots,$279.99,,4.2,28,True,False,False,False,BLACK
Sorel Boys' Toddler Snow Commander Waterproof Winter Boots,$80.00,,4.8,141,True,False,False,False,BLACK
Sorel Women's Explorer™ II Joan Cozy Winter Boots,$199.99,,4.0,39,True,False,False,False,BLACK SEA SALT
Sorel Women's Explorer™ II Joan Cozy Winter Boots,$199.99,,4.0,39,True,False,False,False,BLACK TEA LIGHT
The North Face Kids' Alpenglow V Winter Boots,$114.99,,4.4,86,True,False,False,False,BOYSENBERRY/TNF BLACK
The North Face Kids' Alpenglow V Winter Boots,$114.99,,4.4,86,True,False,False,False,PINK
Sorel Kids' Pre-School Yoot Pac Waterproof Insulated Winter Boots,$110.00,,4.4,25,True,False,False,False,BRIGHT ROSE
The North Face Kids' Alpenglow V Winter Boots,$109.99,,4.4,87,True,False,False,False,GRAY
The North Face Kids' Alpenglow V Winter Boots,$109.99,,4.4,87,True,False,False,False,VANADIS GREY/MELD GREY
KEEN Kids' Kootenay IV Non Slip Winter Boots,$109.99,,4.8,4,False,False,False,False,TOASTED COCONUT/VAPOR
"Keen Kids' Pre-School Wanduro Mid Hiking Shoes, Waterproof",$74.99,,1.0,1,False,False,False,False,BLUE/FUCHSIA PURPLE
Sorel Kids' Pre-School/Grade School Joan Of Arctic™ Suede Waterproof Fleece-Lined Winter Boots,$150.00,,4.8,21,True,False,False,False,TAUPE/GUM
Keen Kids' Kootenay IV Mid Waterproof Insulated Shearling Winter Boots,$109.99,,3.2,5,False,False,False,False,TOASTED COCONUT/VAPOR
UGG Kids' Emmett Duck Leather Boots,$130.00,,3.8,6,False,False,False,False,CHESTNUT
"Merrell Men's Coldpack 3 Thermo Mid Winter Boots, Waterproof, Wide Fit",$239.99,,4.1,9,False,False,False,False,EARTH
"Merrell Women's Thermo Kiruna 2 Tall Winter Boots, Waterproof, Wide Fit",$219.99,,4.4,11,True,False,False,False,BLACK
Sorel Kids' Pre-School/Grade School Joan Of Arctic™ Suede Waterproof Fleece-Lined Winter Boots,$145.00,,4.8,72,True,False,False,False,BLACK
"Merrell Men's Thermo Kiruna 2 Tall Winter Boots, Waterproof",$219.99,,4.3,4,False,False,False,False,BLACK
Merrell Men's Coldpack 3 Thermo Tall Zip Waterproof Boots,$259.99,,3.7,28,False,False,False,False,BLACK
"Merrell Men's Thermo Kiruna 2 Tall Waterproof Winter Boots, Wide Fit",$219.99,,4.2,5,False,False,False,False,BOULDER
"Merrell Women's Thermo Kiruna 2 Mid Winter Boots, Waterproof",$199.99,,4.7,6,False,False,False,False,BLACK
Sorel Men's Buxton™ Pull On Waterproof Winter Boots,$169.99,,0.0,0,False,False,False,True,DELTA
Merrell Men's Icepack 2 Chelsea Polar Waterproof Winter Boots,$189.99,,3.3,12,False,False,False,False,EARTH
Salomon Men's Ultra 4 Mid Insulated Winter Boots,$199.99,,4.3,27,True,False,False,False,BLACK
"Merrell Men's Thermo Akita Tall Winter Boots, Waterproof",$189.99,,5.0,2,False,False,False,False,BLACK
Merrell Women's MOAB 3 Thermo Mid Winter Boots Waterproof,$219.99,,4.7,106,True,False,False,False,BLACK/ORCHID
Bogs Men's Bozeman Tall Winter Boot,$194.99,,4.7,132,True,False,False,False,BLACK -- 001
Sorel Men's1964 Pac Waterproof Nylon Winter Boots,$169.99,,5.0,1,False,False,False,True,CAMEL
Sorel Kids' Pre-School/Grade School Yoot Pac   Insulated Waterproof Non-Slip Winter Boots,$110.00,,4.8,48,True,False,False,False,WILD IRIS
Converse Chuck Taylor All Star All Terrain Casual Shoes/Sneakers,$89.88,$107.97,3.8,4,False,False,True,False,WHEAT/WHITE/BLACK WHEAT/WHITE/BLACK
Storm By Cougar Women's Cabot Non-Slip Winter Boots,$69.97,$96.97,4.1,7,False,False,True,False,BLACK/HARRIS TWEED
Merrell Kids' Grade/Pre-School MOAB Speed 2 Mid Waterproof Hiking Shoes,$67.49,,4.0,7,False,False,False,False,BERRY
SOREL Men's 1964 PAC Nylon Insulated Waterproof Winter Boots,$126.97,$170.00,3.8,18,False,False,True,False,BROWN
BOGS Men's Arcata Urban Lace Winter Boots,$189.99,,4.2,42,True,False,False,False,DARK BROWN -- 201
"Vans x Crayola Kids' Toddler V Skate Shoes, Sneakers, Girls', Slip On, Velcro",$10.88,$13.97,0.0,0,False,False,True,False,DIY/TRACE YOUR DREAMS
Ripzone Toddler Kids' Neil Rainboot Dino Running Shoes,$21.97,$29.99,5.0,1,False,False,True,False,BLK/PRIMROSE
KEEN Women's Revel IV High Polar Winter Boots,$249.99,,0.0,0,False,False,False,False,GRAY
Religious Comfort Women's Heavenbrow Winter Boots,$240.00,,0.0,0,False,False,False,True,BLACK
Helly Hansen Men's Richmond 2 Casual Boots,$129.99,$169.99,0.0,0,False,False,False,True,BLACK
Columbia Men's Bugaboot III Insulated Waterproof Winter Boots,$179.99,,4.0,132,False,False,False,True,BLACK 012
Religious Comfort Women's Nottingham Winter Boots,$170.00,,0.0,0,False,False,False,True,BLACK
Helly Hansen Women's Sorrento 2 Winter Boots,$139.98,$179.99,0.0,0,False,False,False,True,LT GRAY
KEEN Men's Anchorage III Waterproof Winter Boots,$219.99,,4.5,55,False,False,False,True,BROWN
Helly Hansen Women's Sorrento Mid Waterproof Insulated Faux Fur Winter Boots,$111.97,$159.99,0.0,0,False,False,True,False,LT BROWN
Columbia Women's Minx™ Shorty III Winter Boots,$100.97,$144.99,4.3,318,True,False,True,False,CREAM
Sorel Kids' Grade/Pre-School Flurry Winter Boots,$90.00,,4.3,25,False,False,False,True,GRAY
Ripzone Men's Davenport Tall Shell Winter Boots,$139.99,,0.0,0,False,False,False,True,DK GRAY
Helly Hansen Women's Garibaldi VL Winter Boots,$239.99,,0.0,0,False,False,False,True,BROWN
Sorel Kids' Witney II Slip On Puffer Winter Boots,$110.00,,3.3,3,False,False,False,True,BLACK
Ripzone Women's Davenport Tall Waterproof Winter Boots,$139.99,,0.0,0,False,False,False,True,MED BROWN
Sorel Kids' Yoot Pac Waterproof Insulated Fleece Winter Boots,$110.00,,4.5,17,True,False,False,False,HIKER GREEN
Sorel Kids' Pre-School Yoot Pac Nylon Winter Boots,$110.00,,4.5,10,False,False,False,True,NAVY
Sorel Kids' Grade/Pre-School Tofino II Winter Boots,$150.00,,4.9,43,False,False,False,True,LT BROWN
Sorel Kids Pre-School Out 'N About Classic Winter Boots,$90.00,,4.7,7,False,False,False,True,LT BROWN
Converse Men's Chuck Taylor All Star City Trek Waterproof Boots,$89.97,$111.97,5.0,1,False,False,True,False,BLACK/WHITE/SILVER
Merrell Men's Moab Adventure Chelsea Boots,$189.99,,4.5,299,True,False,False,False,BLACK
Vans Men's Sk8-Hi MTE-1 Waterproof Casual Skate Shoes/Sneakers,$86.97,$100.97,0.0,0,False,False,True,False,BLACK/GREY
UGG Toddler Rennon ll Waterproof Sneakers,$69.99,,4.9,84,True,False,False,False,CHESTNUT
Vans Men's Sk8-Hi MTE-2 Waterproof Casual Skate Shoes/Sneakers,$113.97,$141.97,0.0,0,False,False,True,False,BROWN/WHITE
Columbia Kids' Redmond Waterproof Hiking Shoes,$67.49,,4.6,89,True,False,False,False,BLK/RED -- 012
Merrell Kids' Grade/Pre-School Nova 3 Hiking Shoes,$56.24,,3.8,46,False,False,False,False,BLUE
Merrell Men's Speed Eco Hiking Shoes,$103.97,$149.99,4.5,54,True,False,True,False,CHARCOAL
Merrell Men's Speed Eco Hiking Shoes,$103.97,$149.99,4.5,54,True,False,True,False,HERB/COYOTE
"Columbia Kids' Pre-School Redmond Hiking Shoes, Waterproof",$66.97,$89.99,4.5,34,True,False,True,False,STEAM/PINK DAWN
Merrell Girls' Grade/Pre-School Nova 3 Botanist Hiking Shoes,$56.24,,3.8,48,False,False,False,False,WHT/MULTI
Columbia Kids' Grade/Pre-School Drainmaker™ XTR Hiking Shoes,$59.99,,5.0,3,False,False,False,False,CLOUTBURST/MAPA GREEN
Merrell Girls' Grade/Pre-School Outback Low 2 Hiking Shoes,$48.74,,4.0,3,False,False,False,False,TURQUOISE/LIME
Columbia Kids' Pre-School Drainmaker XTR Hiking Shoes,$59.99,,4.7,3,False,False,False,False,PINK DAWN/BERRY PATCH
KEEN Kids' Ridge Flex Mid Hiking Shoes,$93.74,,3.0,1,False,False,False,False,BISON/RED CARPET
Merrell Men's Wildwood Aerosport Trail Hiking Shoes,$119.99,,4.6,79,True,False,False,False,BLACK
The North Face Kids' Thermoball Traction Mule II Shoes,$48.74,,4.9,300,True,False,False,False,BLACK
"Merrell Women's Coldpack 3 Thermo Moc Waterproof Shoes, Wide Fit",$199.99,,4.9,8,False,False,False,False,BLACK
Merrell Women's Anotra 3 Thermo Winter Trail Runners,$149.99,,4.3,70,True,False,False,False,BLACK
Merrell Women's Akita Tall Tall Waterproof Winter Hikers,$189.99,,3.0,1,False,False,False,False,BLACK
Columbia Women's Peakfreak™ II Waterproof Shoes,$119.98,$159.99,4.7,19,True,False,False,False,BLACK
Sperry Men's Cold Bay Chukka Shoes,$159.99,,4.3,12,True,False,False,False,BLACK
Keen Women's Newport H2 Sandals,$139.99,,4.9,7,False,False,False,False,NEWPORTY MCNEWPORT
The North Face Women's VECTIV Fastpack FUTURELIGHT™ Shoes,$219.99,,0.0,0,False,False,False,False,LT GRAY
Merrell Men's Coldpack 3 Thermo Moc Waterproof Shoes,$199.99,,4.4,58,True,False,False,False,BLACK
Helly Hansen Men's Landon Chukka Shoes,$64.97,$81.97,5.0,1,False,False,True,False,BLACK 990
Merrell Women's Fly Strike Running Shoes,$119.99,,4.7,42,True,False,False,False,BLACK
Merrell Men's Fly Strike Wide Fit Breathable Mesh Trail Running Shoe,$119.99,,3.7,3,False,False,False,False,BLACK
Merrell Men's Fly Strike Breathable Mesh Trail Runners,$119.99,,4.7,15,True,False,False,False,BLACK/TANGERINE
Merrell Women's Antora 2 Rainbow Mountains Breathable Mesh Cushioned Trail Running Shoes,$149.99,,4.6,152,True,False,False,False,RAINBOW
Timberland Men's Maplegrove Oxford Shoes,$52.97,$71.97,4.5,23,True,False,True,False,BLACK NUBUCK
Speedo Kids' Tidal Cruiser Water Shoes,$32.50,,4.7,15,True,False,False,False,NAVY
KEEN Men's WK400 Walking Shoes,$100.97,$169.99,4.3,98,True,False,True,False,BLUE
KEEN Men's WK400 Walking Shoes,$100.97,$169.99,4.3,98,True,False,True,False,GLD YELLOW
KEEN Men's WK400 Walking Shoes,$112.97,$189.99,3.9,17,False,False,True,False,BLACK
KEEN Men's WK400 Walking Shoes,$100.97,$169.99,4.5,79,True,False,True,False,GRAY
adidas Men's Samba Casual Shoes/Sneakers,$119.99,,4.6,1373,True,False,False,False,BLACK/WHITE
Nike Men's Air Force 1 '07 Casual Shoes/Sneakers,$150.00,,4.6,2003,True,False,False,False,BLACK/BLACK
Nike Men's Air Force 1 '07 Casual Shoes/Sneakers,$150.00,,4.6,2003,True,False,False,False,WHITE/GUM
Nike Men's Air Force 1 '07 Casual Shoes/Sneakers,$150.00,,4.6,2003,True,False,False,False,WHITE/WHITE
adidas Men's Grand Court 2.0 Tennis Sneakers,$89.99,,4.8,1654,True,True,False,False,WHITE/BLACK
Under Armour Toddler Kids' Outhustle 2 Running Shoes,$41.24,,5.0,3,False,True,False,False,BLACK
Nike Men's Court Vision Next Nature Low-Top Sneakers,$104.99,,3.9,148,True,False,False,False,WHITE/WHITE
ON CLOUDNOVA FORM LAVENDER/PINK (124)W,$179.99,,5.0,1,False,False,False,False,DEW/MINERAL
ON CLOUDNOVA FORM LAVENDER/PINK (124)W,$179.99,,5.0,1,False,False,False,False,LAVENDER/PINK
ON CLOUDNOVA FORM LAVENDER/PINK (124)W,$179.99,,5.0,1,False,False,False,False,SILVER/HEATHER
ON CLOUDNOVA FORM LAVENDER/PINK (124)W,$179.99,,5.0,1,False,False,False,False,TEAL/WHITE
adidas Men's Lite Racer Adapt 5.0 Shoes,$99.99,,4.6,2205,True,False,False,False,BLACK/BLACK
adidas Men's Lite Racer Adapt 5.0 Shoes,$99.99,,4.6,2205,True,False,False,False,FTWWHT/CBLACK/FTWWHT
Under Armour Toddler Kids' Outhustle 2 Slip On Running Shoes,$37.49,,3.0,2,False,False,False,False,BLACK
Nike Men's Blazer '77 Vintage Casual Shoes/Sneakers,$140.00,,4.2,214,True,False,False,False,WHITE/BLACK
adidas Kids' Grand Court 2.0 Sneakers,$41.24,,4.7,167,True,False,False,False,WHT/BLK
"On Women's Cloudeasy Shoes, Sneakers",$101.97,$126.97,4.3,3,False,False,True,False,BLACK
Nike Men's Low Blazer '77 Casual Shoes,$120.00,,3.9,100,True,False,False,False,WHITE/BLACK
adidas Men's NMD_R1 Boost  Casual Shoes/Sneakers,$170.00,,4.7,5803,True,False,False,False,BLACK/BLACK/GUM
Reebok Kids' Toddler Weebok Flex Spring Core Athletic Shoes,$35.97,$44.97,3.7,7,False,False,True,False,BLACK/NEON CHERRY
Crocs Kids' Toddler Classic Clog Sandals,$39.99,,4.6,199,True,False,False,False,BLACK
Crocs Kids' Toddler Classic Clog Sandals,$39.99,,4.6,199,True,False,False,False,BLUE BOLT 4KZ
Crocs Kids' Toddler Classic Clog Sandals,$39.99,,4.6,199,True,False,False,False,PINK CRUSH 6TW
Crocs Kids' Toddler Classic Clog Sandals,$39.99,,4.6,199,True,False,False,False,VENETIAN BLUE 4OX
New Balance Men's 2002R Shoes,$184.99,,4.5,195,True,False,False,False,STEEL/LEAD
"Skechers Kids' Toddler O79 Sola Glow Casual Shoes, Sneakers",$37.49,,5.0,1,False,False,False,False,PINK
adidas Men's Forum Casual Shoes Shoes/Sneakers,$71.97,$89.97,4.8,3984,True,False,True,False,WHITE/WHITE
Skechers Kids' Toddler Microspe Advance Casual Shoes,$33.74,,0.0,0,False,False,False,False,BLACK
adidas Men's Lite Racer Adapt 6.0 Shoes,$90.00,,4.7,452,True,False,False,False,BLACK/WHITE
New Balance Men's 580 Shoes,$101.97,$118.97,4.5,8,False,False,True,False,BLACK/WHITE
New Balance Men's 574 Shoes,$119.99,,4.3,1185,True,False,False,False,GREY/WHITE
Nike Kids' Grade School Air Zoom Crossover Basketball Shoes,$54.99,,4.2,31,True,False,False,False,FIERCE PINK/WHITE/PLAYFUL PINK
Converse Unisex Chuck Taylor All Star High Top Sneakers,$79.99,,4.1,158,True,False,False,False,BLACK/WHITE
Reebok Men's Classic Leather Shoes,$114.99,,4.6,2207,True,False,False,False,BLACK/GREY
"Nike Kids' Toddler Flex Runner 3 Athletic Shoes, Sneakers",$49.99,,1.3,4,False,False,False,False,PINK FOAM/WHT
PUMA Men's Classic XXI Shoes,$94.99,,4.4,778,True,False,False,False,BLACK/WHITE
Under Armour Toddler Kids' Outhustle Printed Mod Running Shoes,$40.97,$54.99,3.7,7,False,False,True,False,GRAY/CASTYLE ROCK
adidas Men's Ultraboost 1.0 Shoes,$250.00,,4.7,4540,True,False,False,False,WHITE/WHITE
Skechers Toddler Kids' Mighty Glow 2.0 Shoes,$41.24,,0.0,0,False,False,False,False,BLACK
"Converse Kids' Toddler Chuck Taylor All Star 2V Shoes, Walking, Running, Velcro",$39.99,,4.6,12,True,False,False,False,BLACK
Reebok Men's Club 85 Foundation Casual Shoes,$109.99,,4.6,492,True,False,False,False,WHITE
Under Armour Toddler Girls' Assert 10 Running Shoes,$44.99,,4.9,20,True,False,False,False,BLACK
Ripzone Toddler Girls' Beachwood Mermaid Sandals,$8.97,$10.97,3.3,3,False,False,True,False,BONBON
Nike Kids' Jordan 1 Mid RM EasyOn Running Shoes,$70.00,,4.3,25,True,False,False,False,BLACK
adidas Men's Stan Smith B-Side Shoes,$140.00,,4.8,428,True,False,False,False,GREY/WHITE
On Men's Cloudeasy Shoes,$169.99,,0.0,0,False,False,False,False,BLACK
adidas Women's Stan Smith B-Side Shoes,$83.97,$104.97,4.8,80,True,False,True,False,TAN/WHITE
Native Toddler Kids' Jefferson Shoes,$36.97,$49.99,5.0,1,False,False,True,False,GRAY
ADIDAS GAZELLE BLK/WHT (116) M,$130.00,,4.8,20887,True,False,False,False,BLACK/WHITE
Reebok Men's Classic Leather Shoes,$114.99,,4.6,2214,True,False,False,False,WHITE/GUM
"Skechers Kids' Toddler S-Lights Meteor-Lights Athletic Shoes, Sneakers",$41.24,,0.0,0,False,False,False,False,BLACK
Vans Kids' Toddler V Crib Slip-On Shoes,$29.97,$36.97,4.8,10,True,False,True,False,BLACK
Converse Men's Chuck Taylor Ox Casual Shoes,$74.99,,4.2,49,True,False,False,False,BLACK/WHITE
Converse Men's Chuck Taylor All Star Ox Low Top Casual Shoes/Sneakers,$74.99,,4.4,97,True,False,False,False,OPTICAL WHITE
Under Armour Men's Fat Tire Venture Pro Shoes,$159.99,,4.5,73,True,False,False,False,BLACK/GUM
"Vans Kids' Toddler Old Skool V Casual Shoes, Sneakers",$64.99,,4.8,4,False,False,False,False,FLOWER YELLOW
Nike Men's Air Max 97 Low Top Casual Shoes,$230.00,,4.1,124,True,False,False,False,BLACK/WHITE
Under Armour Toddler Girls' Outhustle 2 Running Shoes,$41.24,,0.0,0,False,False,False,False,GRAY
Ripzone Toddler Kids' Beachwood Sandals,$8.97,$10.97,0.0,0,False,False,True,False,SHARK ALL ABOARD BLUE
Reebok Men's Glide Shoes,$56.97,$70.97,4.0,1,False,False,True,False,WHITE/BLUE
Reebok Men's Classic Leather Shoes,$114.99,,4.6,2205,True,False,False,False,WHITE/GREY
adidas Men's NMD_R1 Shoes,$101.97,$126.97,4.7,5817,True,False,True,False,BLACK/RED/BLUE
Converse Men's Chuck Taylor All Star High Shoes,$74.99,,4.6,123,True,False,False,False,BLACK/WHITE
Ripzone Toddler Girls' Olie Daisy Shoes,$21.97,$29.99,0.0,0,False,False,True,False,ORCHID PETAL
"Vans Kids' Toddler Old Skool V Casual Shoes, Sneakers",$54.99,,5.0,5,False,False,False,False,DUSTY BLUE
adidas Men's Ultraboost 1.0 Shoes,$186.97,$250.00,4.7,4559,True,False,True,False,BLACK/GREEN
PUMA Men's Suede XL Classic Casual Shoes/Sneakers,$109.99,,4.4,53,True,False,False,False,BLACK/WHITE
Ripzone Toddler Girls' Saltwater SL Sandals,$11.97,$14.97,0.0,0,False,False,True,False,RASPBERRY SORBET
Reebok Toddler Kids' Club C 2V 2.0 Shoes,$51.97,$69.99,0.0,0,False,False,True,False,WHITE
"Ripzone Kids' Toddler Shoreline Slides/Sandals, Boys'/Girls', Closed Toe, Velcro",$9.88,$14.97,4.0,4,False,False,True,False,BLACK IRIS
Native Toddler Girls' Jefferson Shoes,$37.49,,0.0,0,False,False,False,False,WHITE
Converse Men's Chuck Taylor All Star Ox Casual Shoes/Sneakers,$74.99,,3.7,34,False,False,False,False,NO COLOR
PUMA Men's Softrider Enzo NXT Shoes,$56.97,$70.97,4.2,223,True,False,True,False,BLACK/BLACK
Ripzone Toddler Kids' Olie 2 Space Sandals,$17.97,$21.97,0.0,0,False,False,True,False,BLK/ALL ABOARD BLUE
Vans Toddler Kids' Old Skool Crib Cosmic Zoo Skate Shoes,$9.88,$12.97,5.0,1,False,True,True,False,COSMIC ZOO BLACK/BLUE
Converse Toddler Girl's Chuck Taylor All Star 2V Shoes,$55.00,,0.0,0,False,False,False,False,PINK
adidas Men's Avryn Shoes,$89.88,$107.97,4.4,281,True,False,True,False,BLACK/CARBON
adidas Men's Ultraboost 1.0 Shoes,$149.97,$186.97,4.6,2162,True,False,True,False,WHITE
Converse Kids' Infant  Chuck Taylor All Star Cribster Shoes,$34.99,,0.0,0,False,False,False,False,BLACK
Under Armour Men's Fat Tire Venture Pro Shoes,$159.99,,4.5,73,True,False,False,False,KHAKI/GUM
Nike Kids' Toddler Sunray Protect 2 Sandals,$45.00,,4.4,47,True,False,False,False,SIGNAL BLUE/WHITE-BLUE VOID-BLACK
"Skechers Kids' Toddler Comfy Flex 3.0 Athletic Shoes, Sneakers",$42.97,$57.99,0.0,0,False,False,True,False,BLACK
Converse Men's Chuck Taylor All Star Malden Street Shoes,$74.99,,0.0,0,False,False,False,False,BLACK/WHITE/BLACK
Nike Toddler Girls' Sunray Protect 2 Sandals,$45.00,,4.3,27,True,False,False,False,HYPER PINK/FUCHSIA GLOW
Ripzone Kids' Shoreline Velcro Heel Strap Slides,$9.88,$14.97,4.7,6,False,False,True,False,VIOLA
Ripzone Toddler Girls' Shoreline Sandals,$17.97,$21.97,1.0,4,False,False,True,False,CANDLELIGHT PEACH
adidas Men's Avryn Shoes,$89.88,$107.97,4.5,717,True,False,True,False,BLACK/RED
Ripzone Toddler Kids' Saltwater SL Sandals,$11.97,$14.97,0.0,0,False,False,True,False,SHARK/ALL ABOARD BLU
Merrell Men's Moab Adventure 3 Shoe,$169.99,,4.5,31,True,False,False,False,BLACK
Vans Toddler Kids' Slip On V Cado Skate Shoes,$46.97,$64.99,0.0,0,False,False,True,False,TURTLE DOVE
adidas Men's Gazelle Casual Shoes/Sneakers,$129.99,,4.8,20875,True,False,False,False,COLLEGIATE GREEN/PRELOVED RED/GUM
adidas Men's Ultraboost DNA XXII Shoes,$149.97,$186.97,4.6,204,True,False,True,False,WHITE
Native Toddler Girls' Jefferson Chase Marbled Sandals,$40.97,$54.99,0.0,0,False,False,True,False,PINK
"Skechers Kids' Toddler Illumi-Brights Shoes, Sneakers",$40.97,$54.99,4.5,14,True,False,True,False,BLACK/LIME GREEN
Merrell Men's MOAB Adventure 3 Moc Slip On Shoes,$169.99,,4.2,19,True,False,False,False,EARTH
Ripzone Toddler Kids' Shoreline Trucks Sandals,$17.97,$21.97,0.0,0,False,False,True,False,BLK/DANDELION
Nike Toddler Kids' Jordan Tatum 1 Running Shoes,$65.00,,5.0,2,False,False,False,False,NEUTRAL
Merrell Men's Moab Adventure 3 Shoe,$169.99,,4.3,20,True,False,False,False,BLACK
Rockport Men's Caldwell Lace2Toe Medium Shoes,$160.00,,3.7,3,False,False,False,False,BLACK LEATHER
adidas Men's NMD_R1 Boost Casual Shoes/Sneakers,$170.00,,4.7,6010,True,False,False,False,BLACK/BLACK/BLACK
adidas Men's NMD_R1 Boost Casual Shoes/Sneakers,$170.00,,4.7,6010,True,False,False,False,WHITE/WHITE/GUM
Nike Men's Blazer Low '77 Shoes,$120.00,,3.8,87,False,False,False,False,BLACK/WHITE-SAIL-BLACK
Reebok Men's BB 4000 ii Basketball Shoes,$124.99,,1.0,1,False,False,False,False,WHITE/CHALK/BON
Vans Toddler Girls' Slip On V Skate Shoes,$46.97,$64.99,0.0,0,False,False,True,False,BERRY RED/BLACK
Native Shoes Toddler Kids' Jefferson Star Wars Mando All Over Print Lightweight Slip On Shoes,$41.97,$58.00,0.0,0,False,False,True,False,MILK PINK/HEALING PURPLE
adidas Men's Forum Mid Shoes,$149.99,,4.7,2740,True,False,False,False,FTWWHT/CBLACK/FTWWHT
KEEN Men's Mosey Derby Leather Shoes,$160.00,,4.2,9,False,False,False,False,BLACK/BLACK
Keen Canada Outdoor Toddler Seacamp II CNX-T Sandals - Rainbow/Festival Fuchsia,$44.99,,4.0,5,False,False,False,False,VIVID BLUE/ORIGINAL TIE DYE
adidas Men's OG Nizza Casual Shoes/Sneakers,$90.00,,4.7,1652,True,False,False,False,BLACK
Rockport Men's Get Your Kicks Blucher Medium Shoes,$160.00,,3.0,2,False,False,False,False,CASTLEROCK GREY
Nike Men's Tanjun NM Casual Shoes,$94.99,,4.1,49,True,False,False,False,BLACK/BLACK
Rockport Men's Get Your Kicks Blucher Medium Shoes,$160.00,,0.0,0,False,False,False,False,DARK BROWN
Native Shoes Toddler Kids' Jefferson Star Wars BFF Lightweight Breathable Comfortable Slip On Shoes,$41.97,$58.00,0.0,0,False,False,True,False,FROST GREY/MANDO
Rockport Men's Get Your Kicks Blucher Wide Shoes,$160.00,,0.0,0,False,False,False,False,DARK BROWN
Native Shoes Toddler Kids' Jefferson Star Wars Mando All Over Print Lightweight Slip On Shoes,$41.97,$58.00,0.0,0,False,False,True,False,REGATTA BLUE/CHARTREUSE
"Ripzone Kids' Toddler Beachwood Water Shoes, Boys'/Girls', Closed Toe, Slip On",$9.88,$10.97,4.2,5,False,False,True,False,ANTHRACITE
"adidas Men's NMD_R1 Shoes, Sneakers",$190.00,,4.7,5784,True,False,False,False,CBLACK/CARBON/PULYEL
New Balance Men's 9060 Shoes,$184.99,,4.7,1950,True,False,False,False,RAINCLOUD/CASTLEROCK
New Balance Men's 9060 Shoes,$184.99,,4.7,1950,True,False,False,False,SEA SALT/CONCRETE
New Balance Men's 9060 Shoes,$184.99,,4.7,1950,True,False,False,False,SILVER
"Skechers Kids' Unicorn Charmer Athletic Shoes, Sneakers",$44.99,,5.0,1,False,False,False,False,PINK
"Vans Kids' Toddler Slip On V Skate Shoes, Sneakers",$54.99,,0.0,0,False,False,False,False,RANCH GREEN
Merrell Toddler Kids' Bare Steps Sandals,$41.24,,4.6,49,True,False,False,False,SILVER
Native Toddler Kids' Chase Marbled Sandals,$40.97,$54.99,0.0,0,False,False,True,False,BLUE
"Vans Kids' Toddler Old Skool V Skate Shoes, Sneakers",$64.99,,5.0,1,False,False,False,False,BLK/GREEN
Merrell Men's Hydro Running Shoes,$119.99,,3.2,62,False,False,False,False,TANGERINE
adidas Men's OZMILLEN Casual Shoes/Sneakers,$149.99,,4.7,595,True,False,False,False,GREY/BLACK/ROYAL BLUE
Sperry Men's Bahama II Hybrid Sneaker Boat Shoes,$89.99,,4.5,122,True,False,False,False,SW WHITE
Rockport Men's Caldwell Lace2Toe Wide Shoes,$160.00,,1.0,1,False,False,False,False,WHITE LEATHER
On Men's Roger Advantage Casual Shoes,$179.99,,4.1,10,True,False,False,False,WHITE/FOSSIL
On Men's Roger Advantage Casual Shoes,$179.99,,4.1,10,True,False,False,False,WHITE/OLIVE
On Men's Cloudnova Casual Shoes,$119.97,$149.97,4.1,8,False,False,True,False,BLACK/BLACK
New Balance Men's 997H Shoes,$71.97,$83.97,4.1,20,True,False,True,False,BLACK/WHITE
Native Shoes Kids' Toddler Jefferson Lightweight Slip On Shoes,$34.50,,5.0,2,False,False,False,False,MILK PINK/SHELL WHITE
Nike Toddler Girls' Flex Runner 2 Running Shoes,$34.97,$47.99,4.3,33,True,False,True,False,PINK FOAM/WHITE/FLAT PEWTER
Reebok Men's Classic Leather Shoes,$68.97,$85.97,4.6,2203,True,False,True,False,WHITE/WHITE
adidas Men's Lite Racer Adapt 4.0 Slip On Casual Shoes,$59.97,$69.97,4.5,1386,True,False,True,False,BLACK/WHITE
New Balance Men's CT574 Shoes,$71.97,$89.97,5.0,2,False,False,True,False,WHITE/BURGUNDY
"Nike Kids' Toddler Jordan 1 Low Athletic Shoes, Sneakers",$70.00,,3.9,17,False,False,False,False,WHITE
ASICS Men's Japan S Shoes,$109.99,,4.3,70,True,False,False,False,WHITE/WHITE
Skechers Toddler Bounder Zatic Shoes,$12.88,$22.97,5.0,1,False,False,True,False,BLK/LIME
Skechers Kids' Microspec II Slip On Sneakers,$29.97,$36.97,5.0,5,False,False,True,False,BLACK/BLUE/LIME
Rockport Men's Get Your Kicks Blucher Wide Shoes,$160.00,,0.0,0,False,False,False,False,CASTLEROCK GREY
Nike Men's Full Force Shoes,$125.00,,3.0,4,False,False,False,False,WHITE/NAVY
"Skechers Kids' Toddler Comfy Flex 3.0 Athletic Shoes, Sneakers",$43.49,,0.0,0,False,False,False,False,BLUE
Reebok Men's Low-Top Club C 85 Shoes,$65.97,$76.97,4.6,451,True,False,True,False,WHITE/GREEN - 456
adidas Men's Samba Classic Sneakers,$119.99,,4.6,2374,True,False,False,False,WHITE/BLK/WHT
Vans Toddler Kids' Old Skool V Skate Shoes,$32.97,$47.97,5.0,10,True,False,True,False,BLK/WHT
Reebok Men's BB 4000 II Mid Top Casual Shoes/Sneakers,$74.97,$86.97,4.4,38,True,False,True,False,MAROON
Reebok Men's BB 4000 II Mid Top Casual Shoes/Sneakers,$74.97,$86.97,4.4,38,True,False,True,False,WHITE
Under Armour Toddler Kids' Outhustle 2 Slip On Running Shoes,$37.49,,2.3,11,False,False,False,False,PINK
Native Toddler Kids' Jefferson Shoes,$36.97,$49.99,0.0,0,False,False,True,False,BLUE
Skechers Kids' Microspec Advance Casual Shoes,$33.74,,4.0,1,False,False,False,False,LIGHT PURPLE
Under Armour Toddler Kids' Outhustle 2 Running Shoes,$41.24,,2.8,4,False,False,False,False,BLACK
Converse Men's Chuck Taylor All Star Mid High Street Shoes,$50.97,$58.97,5.0,5,False,False,True,False,HEIRLOOM SILVER/BLACK/WHITE
Nike Kids' Air Jordan 1 Mid Athletic Shoes,$69.99,,0.0,0,False,False,False,False,BLACK
Native Toddler Girls' Jefferson Shoes,$36.97,$49.99,0.0,0,False,False,True,False,PINK
Skechers Toddler Tri Namics Shoes,$16.88,$29.97,0.0,0,False,False,True,False,NAVY/LIME
Nike Toddler Kids' Flex Runner 2 University Running Shoes,$47.99,,4.4,22,True,False,False,False,UNIVERSITY RED/BLACK/SMOKE GREY
PUMA Men's Softride Enzo Slip On Shoes,$56.97,$70.97,4.7,61,True,False,True,False,BLACK
Reebok Men's Club C 85 Casual Shoes/Sneakers,$71.97,$89.97,3.9,17,False,False,True,False,MAROON
PUMA Men's RBD Game Hi Shoes,$59.97,$69.97,4.1,16,True,False,True,False,WHITE
PUMA Men's Court Guard Mix Shoes,$59.97,$69.97,0.0,0,False,False,True,False,WHT/BLK
Nike Kids' Court Legacy Shoes,$47.99,,4.6,78,True,True,False,False,WHITE
adidas Men's Kaptir 2.0 Shoes,$71.97,$83.97,4.6,1568,True,False,True,False,BLACK/BLACK
Ripzone Toddler Girls' Juni Unicorn Shoes,$25.97,$34.99,5.0,2,False,False,True,False,ORCHID PETAL
Under Armour Toddler Girls' Outhustle Printed Running Shoes,$40.97,$54.99,5.0,6,False,False,True,False,PURPLE/YELLOW
adidas Men's Daily 3.0 Shoes,$94.99,,4.7,3183,True,False,False,False,BLACK/WHITE
"Vans x SpongeBob Kids' Toddler Best Friends SK8-Mid Skate Shoes, Sneakers, Girls', Velcro",$43.97,$59.99,0.0,0,False,False,True,False,BEST FRIENDS
Ripzone Toddler Kids' Juni Dino Shoes,$25.97,$34.99,5.0,1,False,False,True,False,BLACK/PRIMROSE
"Vans Kids' Toddler Slip-On Checkerboard Casual Shoes, Sneakers",$54.99,,5.0,2,False,False,False,False,WITHERED ROSE
Converse Men's Chuck Taylor All Star Opt High Top Casual Shoes/Sneakers,$47.97,$58.97,4.1,37,True,False,True,False,NO COLOR
New Balance Men's BB480 Shoes,$68.97,$79.97,4.5,119,True,False,True,False,BLACK/WHITE
New Balance Men's Fresh Foam Cruzv1 Shoes,$71.97,$83.97,5.0,1,False,False,True,False,GREY/WHITE
ASICS Men's Gel-Quantum Lyte II Shoes,$65.97,$81.97,0.0,0,False,False,True,False,BLACK/WHITE
Ripzone Kids' Toddler Juni Velcro Sneakers,$12.97,$17.97,1.7,6,False,False,True,False,NAVY
Skechers Toddler Dyna-Lite Retler Shoes,$13.88,$24.97,1.0,1,False,False,True,False,BLUE/LIME
Vans Men's MTE Sk8-Hi Waterproof Casual Boots,$185.00,,0.0,0,False,False,False,False,TAN
Vans Men's MTE Sk8-Hi Waterproof Casual Boots,$185.00,,0.0,0,False,False,False,False,BLACK
Icebreaker Men's 200 Oasis Legless Base Layer Bottoms,$115.00,,1.0,1,False,False,False,False,BLACK
Icebreaker Men's 200 Oasis Legless Base Layer Bottoms,$115.00,,1.0,1,False,False,False,False,GRITSTONE HTHR
Icebreaker Women's 200 Oasis Leggings,$115.00,,4.9,8,False,False,False,False,BLACK
Jackson Men's Mystique Inline Figure Roller Skates,$339.95,,0.0,0,False,False,False,False,01 BLACK
Chicago Women's Rink Roller Skates,$144.99,,1.0,1,False,False,False,False,WHITE
Fischer XC Alpine Race Ski Boot Bag,$80.00,,0.0,0,False,False,False,False,
Icebreaker Women's 200 Oasis Leggings,$125.00,,4.9,7,False,False,False,False,GRITSTONE HTHR
Chicago Skates Women's Leather Lined Roller Skates,$169.99,,4.0,1,False,False,False,False,WHITE
Icebreaker Men's 200 Oasis Leggings With Fly,$125.00,,5.0,1,False,False,False,False,GRITSTONE HTHR
Icebreaker Men's 200 Oasis Leggings With Fly,$125.00,,5.0,1,False,False,False,False,LODEN
We Norwegians Women's INUIKII + WN Zip Up Long Sleeve Top,$290.00,,0.0,0,False,False,False,False,BLACK
We Norwegians Women's INUIKII + WN Zip Up Long Sleeve Top,$290.00,,0.0,0,False,False,False,False,SAND
Fieldsheer Mobile Warming Prem BT Heated Insole with 3.7 Battery,$179.99,,4.6,40,True,False,False,False,BLACK
Helly Hansen Junior No Limits 2.0 Pants,$180.00,,0.0,0,False,False,False,False,597 NAVY
Nike Men's Air Force 1 Casual Shoes,$170.00,,4.5,14,True,False,False,False,FLAX/WHEAT/GUM
Chicago Skates Junior MA7 Adjustable Inline Skates,$109.99,,0.0,0,False,False,False,False,PINK
Merrell Women's Trail Glove 7 Trail Running Shoes,$159.99,,4.1,182,True,False,False,False,BLACK/BLACK
Merrell Women's Trail Glove 7 Trail Running Shoes,$159.99,,4.1,182,True,False,False,False,JADE
Fischer XC Race 40 Ski Backpack,$176.00,,0.0,0,False,False,False,False,
Helly Hansen Men's Alpha Lifaloft Pants,$450.00,,0.0,0,False,False,False,False,543 COBALT 2.0
Helly Hansen Men's Alpha Lifaloft Pants,$450.00,,0.0,0,False,False,False,False,876 CONCRETE
Helly Hansen Men's Alpha Lifaloft Pants,$450.00,,0.0,0,False,False,False,False,990 BLACK
Helly Hansen Women's Alphelia 2.0 Pants,$350.00,,0.0,0,False,False,False,False,001 WHITE
Helly Hansen Women's Alphelia 2.0 Pants,$350.00,,0.0,0,False,False,False,False,597 NAVY
Helly Hansen Women's Alphelia 2.0 Pants,$350.00,,0.0,0,False,False,False,False,990 BLACK
Fischer XC Race 40 Ski Backpack,$208.00,,0.0,0,False,False,False,False,
